date,MKT,ME,ROE,IA,n_stocks
2023-01-16,0.010273964185110663,-0.005219049878222571,0.007549565180722891,0.0005676436144578315,497
2023-01-17,-0.0015154190342052314,-0.0026216361304897007,0.010633018915662651,0.002508328253012048,497
2023-01-18,0.0017097938229376254,0.003991784756769011,0.0029031001204819283,0.000390416626506024,497
2023-01-19,0.003938608850806452,-0.000743515846774193,0.00958614975611537,0.005870746838627236,496
2023-01-20,0.010167397056451612,0.003684585806451616,0.0006185320686381886,-0.002917754160642572,496
2023-01-30,0.007053880080645161,0.008650643467741937,0.005994338094194962,-0.012926947974443227,496
2023-01-31,0.001890757676767677,0.007616483740368291,0.01004148503030303,-0.008541708545454545,495
2023-02-01,0.012372651068548386,-0.000231080846774194,0.014166227693683826,-0.008309042070098579,496
2023-02-02,0.0006728747379032258,0.002298733911290323,0.0022973445191675794,-0.005716510210295728,496
2023-02-03,-0.006282244778225806,-4.379915322580592e-05,0.0030588354669587444,-0.0013769985863453802,496
2023-02-06,-0.0064736593749999995,0.006041151330645161,0.0012942827626871104,0.0011463362384081799,496
2023-02-07,0.00503967510080645,0.0027904553629032264,0.005391236724351952,-0.002570892869295364,496
2023-02-08,-0.006261889455645162,-0.0036353253629032274,-0.0006004462070098556,0.0036067944534501654,496
2023-02-09,0.010409558672032193,-0.004856130076920585,0.007961501867469878,-0.002252550542168677,497
2023-02-10,-0.00028842070422535203,0.005162305932277497,-0.00047326198795180765,-0.0036652244578313253,497
2023-02-13,0.008752928531187122,-0.0026551039825430762,0.008630927650602412,-0.010344220180722893,497
2023-02-14,0.0019430426559356136,-0.003414294235652286,0.00660568361445783,0.003187021927710843,497
2023-02-15,-0.004025004748490945,-0.00159809635007773,0.01064586608433735,-0.0035056341566265066,497
2023-02-16,-0.015524377585513078,-0.009438484257028111,-0.003337813072289156,0.013265368132530118,497
2023-02-17,-0.0030177695774647887,0.007892079393541909,0.007113648795180723,-0.002998540542168674,497
2023-02-20,0.017244009134808856,-0.011347555191896617,0.00403790060240964,-0.0010872004819277095,497
2023-02-21,0.0071232685714285714,-0.0008102503167508749,0.00803970644578313,-0.0029755683734939767,497
2023-02-22,-0.002406743199195171,0.0016245877166731443,0.0077955870481927715,-0.004727836746987951,497
2023-02-23,-0.001874670301810865,-0.0017900479297836504,-0.0004590321686746995,0.004154222831325302,497
2023-02-24,-0.004715844748490946,0.003211388714373624,0.0069916357228915664,-0.001717545180722892,497
2023-02-27,-0.006290904486921529,-0.006240263031966576,0.003738586746987951,0.004747702951807228,497
2023-02-28,0.008109647943548386,0.002424655483870968,0.0030764831843738596,-0.0030949782482657924,496
2023-03-01,0.008177054576612903,-0.0061203734274193535,0.001080216492515519,-0.0037866746922234403,496
2023-03-02,-0.0011166098792756538,-0.001285274338644902,0.01094820891566265,-0.0003350254819277105,497
2023-03-03,0.003543239617706238,-0.0014337988413330735,0.0034461218674698797,-0.00029593060240963847,497
2023-03-06,-0.0015877804435483873,8.17682258064513e-05,0.004229966217232566,2.547217670682768e-05,496
2023-03-07,-0.015674662500000002,-0.005256940967741935,0.007258695067177797,0.009028410683461118,496
2023-03-08,0.0017041914717741938,0.0055771594758064515,2.0366949251552323e-05,-0.005552056987221615,496
2023-03-09,-0.003660881754032258,-0.0011656227822580655,0.0038776187039065357,0.00140456358086893,496
2023-03-10,-0.015472304495967744,-0.003472428266129035,0.0036735478167214345,0.0047452114012413275,496
2023-03-13,0.00637098338028169,-0.01101285570507838,0.015017977831325302,-0.0011381222289156608,497
2023-03-14,-0.00909544684104628,-0.00851134461118668,0.01265779981927711,0.00324734048192771,497
2023-03-15,0.008822888933601608,0.010128831794921623,0.00618304734939759,-0.0057480966265060236,497
2023-03-16,-0.014807412515090544,-0.004000266124336056,0.00970844614457831,0.008116342289156628,497
2023-03-17,0.005676973983903421,-8.224517796994422e-05,0.01194620451807229,-0.007077679156626504,497
2023-03-20,-0.006307658148893361,-0.001836947243004274,0.005287161807228914,0.0017555186746987944,497
2023-03-21,0.01102208741482966,0.001693815590361445,-0.0060914387518938035,-0.01000316958733136,499
2023-03-22,0.003336866132264529,-0.0017588049236947787,0.006541962094004762,-0.0012516902766755637,499
2023-03-23,0.00287479254509018,-0.009681191074698796,0.0105418058404877,0.0009812390924175745,499
2023-03-24,-0.002440145791583166,0.0027030493958232933,0.004637654799797996,-0.004523622497294567,499
2023-03-27,-0.003798674769539078,-0.0027323978881927703,0.006189556473198182,-0.0006022295949065725,499
2023-03-28,-0.0028248231262525043,-0.003699614123855422,0.005024587672245871,0.0009994196032032322,499
2023-03-29,-0.004644866352705411,-0.004703753013333334,0.008455292157492243,0.002944420151504219,499
2023-03-30,0.0015940489178356712,-0.011089403088353413,0.005061084639636389,0.008549148032248755,499
2023-03-31,0.00823888116232465,0.004858614537831327,0.0049591842940624785,-0.012504470310944378,499
2023-04-03,0.0074193635470941885,-0.0039963922162249005,0.011703736843301348,-0.005266668394055263,499
2023-04-04,-0.001716140240480962,-0.011906104487871485,0.016185716789553422,0.006129467247673328,499
2023-04-06,-0.0024657134669338675,-0.006343353437269076,0.00802714358776423,0.001098824000793594,499
2023-04-07,0.00658441370741483,0.002594287237590362,0.00032665696522617485,-0.003994605089098911,499
2023-04-10,-0.007916497835671343,-0.008682959368835341,0.008387768462592884,0.013451780721087945,499
2023-04-11,0.0026380825250501,0.0008897492144578313,0.010089752242983911,-0.00606079635235553,499
2023-04-12,0.0037960776753507013,-0.0011110559156626517,0.010869723647644469,-0.00566548877498016,499
2023-04-13,-0.0018064612825651302,0.001555353906827309,0.0033011940170261894,0.00025527416059447413,499
2023-04-14,0.002844530140280561,-0.00602907243004016,0.006252778555299041,0.004846988580549744,499
2023-04-17,0.008711055410821643,-0.009638734442730924,0.0095639923970132,0.008230769066806148,499
2023-04-18,-0.00283628501002004,-0.009904789818152612,0.008006665022004185,0.00711545725200202,499
2023-04-19,-0.0063433065731462925,0.0014075446771084328,0.00810544859425727,-0.0028880820005771583,499
2023-04-20,-0.004014025330661321,-0.006930042399196788,0.01892820293196739,-0.00232782475615035,499
2023-04-21,-0.02071358230460922,-0.0020290452938152605,0.00688773335473631,0.010278836403939107,499
2023-04-24,-0.007553803166332666,0.006135471707148596,0.0031354321859894674,0.002463247956496643,499
2023-04-25,-0.013084220542168675,-0.009296298915662651,0.024960265301204813,0.01571817168674699,498
2023-04-26,0.004898143126252506,0.005643536319518073,-0.005410587068754058,-0.002404118233532935,499
2023-04-27,0.0027885786773547095,-0.0019493499476305222,0.010367381124377751,0.007213265576076762,499
2023-04-28,0.01578498971943888,0.006987167059919674,0.0025570411146381925,-0.013299206004617273,499
2023-05-04,0.007823403724696356,0.007068820728744939,0.02370401012121212,-0.002714866545454547,494
2023-05-05,-0.004691901827309238,0.002335771285140563,0.012794622469879518,-3.728445783132608e-05,498
2023-05-08,0.008680306526104417,-0.010277638915662649,0.019788574096385545,0.005925892228915663,498
2023-05-09,-0.009180314016064258,-0.0006782449799196781,0.006044988493975903,0.0037970038554216885,498
2023-05-10,-0.002110452389558233,0.003837757951807229,-0.002225916024096386,-0.006738110180722892,498
2023-05-11,0.0013823477510040163,0.006477365060240963,0.005762705903614458,-0.003362539337349398,498
2023-05-12,-0.010172444598393574,0.0018462505622489946,0.010411138734939759,0.0013960571686747,498
2023-05-15,0.007630860180722891,-0.009147609116465862,0.0027132701807228926,0.0031090953614457822,498
2023-05-16,-0.008478646305220884,-0.005042253333333332,0.008050093012048194,0.0097750021686747,498
2023-05-17,0.00020871572289156643,0.0069958986746987955,9.195963855421717e-05,-0.0035154156024096387,498
2023-05-18,-0.0005045567269076305,-0.0020861361847389556,0.0027861385542168673,-0.004116867590361446,498
2023-05-19,-0.004216473775100401,-0.002907622891566265,-0.0018223603012048188,0.0017341358433734938,498
2023-05-22,0.0028951846881287726,-0.006004277485749449,0.008705668614457833,0.0034157392168674694,497
2023-05-23,-0.011039832791164658,0.002065240281124498,0.0029544121084337377,-0.0005078592771084346,498
2023-05-24,-0.009742816686746989,0.006312163333333335,0.0027758851807228903,-0.0014141515060240965,498
2023-05-25,-0.0034417708232931726,-0.0023168326506024096,0.008758553132530121,0.001543950903614458,498
2023-05-26,0.00465720748995984,-0.0008262767469879514,0.005660906445783132,-0.0055208602409638555,498
2023-05-29,-0.0018081718473895582,-0.006238642168674698,0.012651841204819277,-0.0028214927108433734,498
2023-05-30,0.0021431225100401606,0.0014497585943775097,0.006395421807228915,-0.0055631003614457835,498
2023-05-31,-0.004102744236947791,0.004074037791164659,0.004726096506024096,-0.009143318253012048,498
2023-06-01,0.000830473480885312,-0.0008979310938916963,-0.0012150498795180718,-0.0022713156024096385,497
2023-06-02,0.01125655295180723,-0.0024995928915662637,-0.0056609290361445755,-0.0054098503012048205,498
2023-06-05,0.0009527583534136546,0.0030355137349397585,0.011247419578313253,-0.004848421746987952,498
2023-06-06,-0.014749532891566268,-0.006384877590361446,-0.005601737469879518,0.0059912060240963835,498
2023-06-07,0.001182161907630522,0.002852571204819277,0.010073049638554215,-0.004503230180722892,498
2023-06-08,0.003147519798792757,-0.0033588205991708768,0.002009222469879518,0.00232490048192771,497
2023-06-09,0.0029971841046277665,-0.0055966101187006085,0.011721768855421685,-0.002191836325301205,497
2023-06-12,0.0027548879074446677,0.0007833152118150014,0.00741473469879518,-0.006522932289156627,497
2023-06-13,0.0010582526358148892,-0.0016021315269141084,0.008576392349397591,-0.0026825915060240957,497
2023-06-14,0.002186488712273642,0.002634145075787019,0.010821294879518072,-0.007759051024096384,497
2023-06-15,0.00706711318548387,-0.008811668467741935,0.0012284032924424967,0.002481599583789704,496
2023-06-16,0.005739988028169014,-0.003025813127186164,0.005062633192771085,-0.0031919675301204835,497
2023-06-19,-0.00849874444668008,-0.003134019148853479,0.009799444638554219,0.0010215803614457815,497
2023-06-20,-0.006890522334004025,-0.006970556983093665,0.009094087710843371,0.0036419315060240943,497
2023-06-21,-0.011612065823293173,0.004742392771084337,0.0024372572289156607,0.001104264036144581,498
2023-06-26,-0.013080035301204818,-0.001964191325301205,0.0017261943373493988,0.003979361566265058,498
2023-06-27,0.0172875909054326,0.00688116141566265,0.004750058975903613,-0.012698638313253014,497
2023-06-28,0.0006040822444889779,-0.0003523250311646583,0.0033494644737031955,0.0015961899256907866,499
2023-06-29,-0.0008158502605210419,0.0041451803757429715,0.005744805750306616,-0.0042725800115431785,499
2023-06-30,0.00914970743951613,0.0029691610080645166,0.005138783298649142,-0.007172088854691491,496
2023-07-03,0.0114078387751004,-0.005429013212851403,0.005953338674698795,-0.0017893719879518103,498
2023-07-04,0.0009597743058350099,-0.0016797716467482837,0.005397027771084337,-0.0036278432530120475,497
2023-07-05,-0.00274039323943662,0.0011469259037763958,0.004801022771084337,-0.0022089574698795173,497
2023-07-06,-0.003817327056451613,0.004240738225806452,0.00751122499415845,-0.004729982911646586,496
2023-07-07,-0.0006257423943661972,0.0027104224514185775,0.001115640301204819,0.0008312084337349395,497
2023-07-10,0.0024413146881287727,-0.003539018813155848,0.0020763948192771076,0.0017167851204819282,497
2023-07-11,0.005783910301810865,-0.0002937000634797267,0.0071159113855421684,-0.003099093795180723,497
2023-07-12,-0.008514239376257546,-0.003549201856134215,0.0075616966265060264,0.00570300638554217,497
2023-07-13,0.008877669054325956,-0.005604672465021378,-0.0053283061445783125,0.0030435465662650594,497
2023-07-14,-0.0009274253413654618,-0.00040443638554216903,0.00032529807228915715,-0.002897800481927711,498
2023-07-17,-0.003428355742971888,0.005748007469879518,0.012398697710843374,-0.004679528855421687,498
2023-07-18,0.0013806219477911646,0.0026016971485943773,0.013980530240963854,-0.004803088614457831,498
2023-07-19,0.002706465281124498,-0.0001373806827309242,0.005490426626506024,-0.005037497469879518,498
2023-07-20,-0.005834748313253013,-0.002361404096385542,0.007321425000000001,0.000504401626506024,498
2023-07-21,0.0014741131927710845,0.0024990095983935742,0.005878981927710844,-0.002268977771084338,498
2023-07-24,-0.0030364783935742973,9.412056224899655e-05,-0.00014796795180722954,0.0034474299397590368,498
2023-07-25,0.019981255261044176,-0.010570054939759033,0.00956156361445783,-0.006578338012048195,498
2023-07-26,0.0006539463453815262,-0.00029950008032128485,0.01525449873493976,0.001530990060240964,498
2023-07-27,-0.002998041967871486,-0.0009281365461847393,0.004358119698795181,0.0020750975903614474,498
2023-07-28,0.013971104036144578,-0.011626573855421683,0.014044523855421685,-0.0030833420481927686,498
2023-07-31,0.010361049618473896,0.003244898273092371,0.012338201024096381,-0.011694327108433735,498
2023-08-01,-0.0005269849397590362,0.0010113480321285138,0.0035457084337349393,0.0013892545180722888,498
2023-08-02,-0.003604194959839357,0.0033564900803212854,0.00724466048192771,-0.005109753795180723,498
2023-08-03,0.00247288781124498,-0.008290797710843375,0.00658418030120482,0.003131369819277109,498
2023-08-04,-0.0007356332530120481,-0.007908447389558234,0.000937739939759036,-0.0007587159036144579,498
2023-08-07,-0.00661938172690763,-0.0008065690763052217,-1.1957349397589793e-05,-0.0009279901807228916,498
2023-08-08,-0.0016933142570281124,-0.0003586787951807228,0.0027974351204819283,0.0006240174698795178,498
2023-08-09,-0.005724810602409638,-0.003413875742971889,0.006111399156626506,0.0019693311445783132,498
2023-08-10,0.003469062148594377,-0.0008941059839357433,0.0042521216265060235,0.00043513975903614445,498
2023-08-11,-0.017493954337349397,0.0044783532530120514,0.004148957891566267,-2.5616204819275262e-05,498
2023-08-14,-0.0005979186746987953,0.0049174303614457834,-0.0031374609036144575,-0.0010077193373493976,498
2023-08-15,-0.0038742570281124497,-2.5768594377509682e-05,0.009714928795180724,0.0014240735542168682,498
2023-08-16,-0.006237608413654618,0.0013170576305220894,0.01306706120481928,-0.0023554049999999997,498
2023-08-17,0.0067016631325301215,0.0024432990361445773,-0.003086303433734939,-0.005008398554216868,498
2023-08-18,-0.015055345923694782,-0.000525488232931727,0.004870634216867471,0.012885185301204822,498
2023-08-21,-0.009530772072434607,0.0038580959897655132,0.007308861566265062,-0.0004245545783132538,497
2023-08-22,0.003727439899396378,-0.0076619245797706955,0.007773106144578311,-0.0012556604819277117,497
2023-08-23,-0.01437232796780684,-0.001561382224705277,0.014246004337349396,0.005034175542168676,497
2023-08-24,0.0008352820724346075,-0.00879608241951678,0.003950053915662651,-0.0008478489156626503,497
2023-08-25,-0.007911960643863179,-0.004039166933216737,0.01578788704819277,0.009860038674698793,497
2023-08-28,0.014700751368209256,0.0037729491925767578,0.008456852168674698,-0.009105123012048192,497
2023-08-29,0.01513711092555332,0.0036999567861769646,-0.0020822528915662632,-0.018994423734939758,497
2023-08-30,-0.0025511932931726908,-0.00369113437751004,0.006704302108433735,-0.002970980301204818,498
2023-08-31,-0.008023149016064258,-0.002774930722891567,0.013385671445783133,0.004768754518072289,498
2023-09-01,0.0066308601006036215,-0.0023234945980696977,0.004738236084337352,0.0025852671084337364,497
2023-09-04,0.017958108450704224,0.0006572917215636707,0.005743206867469881,-0.00891910885542168,497
2023-09-05,-0.00723833342052314,-0.002474620306386837,0.004334361144578314,0.004490138433734941,497
2023-09-06,-0.000728102152917505,-0.0014239290155784426,0.0051627764457831335,-0.0024918704819277106,497
2023-09-07,-0.012874460261569416,-0.0031978299672885107,0.008661404939759035,0.003418873313253013,497
2023-09-08,-0.001558354728370221,-0.0016972768321673797,0.006067154879518073,-0.0025921546987951803,497
2023-09-11,0.009492580824949698,-0.0007611003481668623,-0.0004894582530120487,-0.0020511999397590363,497
2023-09-12,-0.0005422504024144868,0.00034246625728721317,0.0026661240361445784,0.00022254409638554243,497
2023-09-13,-0.004878699114688129,-0.00351680192722503,0.007739177228915663,0.0008687978313253017,497
2023-09-14,-0.0004357262776659958,-0.0043300305428164276,0.01204655795180723,0.0045040749397590365,497
2023-09-15,0.0001480944064386317,0.003652495855680788,0.0027080536746987957,-0.005865785,497
2023-09-18,0.004464545774647889,0.0014012021484324398,0.006892206566265061,-0.0029459656024096383,497
2023-09-19,-0.0037299470221327973,-0.00240995745465734,0.007320800060240966,0.00834935608433735,497
2023-09-20,-0.005821999114688128,-0.001231809175573262,0.0024532539156626506,0.004674007530120481,497
2023-09-21,-0.008421604185110664,-0.0007897767016452895,0.0052466099397590355,-7.36765662650591e-05,497
2023-09-22,0.011736797806841047,-0.004194618059334111,-0.0006741877108433735,-0.0003723536144578307,497
2023-09-25,-0.006604310885311872,-0.004364880846450319,0.012817849759036146,0.005027140421686747,497
2023-09-26,-0.0055341906438631785,0.00039551130198212277,0.0031901588554216873,0.001428604096385541,497
2023-09-27,0.0016056520766129033,-0.004612677379032258,0.0028206879415845192,0.002488526941949617,496
2023-09-28,0.00469961501010101,0.0065115356456510376,0.0032844455757575757,-0.012220834606060606,495
2023-10-09,-0.0044216645656565655,-0.005530588128836359,0.015074314848484848,0.002685597212121212,495
2023-10-10,-0.006316914727272728,0.002894951227961344,0.0024086126666666664,-0.003239439999999999,495
2023-10-11,-0.002146204727272727,-0.0053182493221888465,0.010561206909090909,0.00022896115151515217,495
2023-10-12,0.010288460404040405,-0.002449918767957424,0.005798394727272723,-0.002357391878787876,495
2023-10-13,-0.007542017212121212,-0.0037244650701972063,0.015629351333333336,0.00018659193939394008,495
2023-10-16,-0.004564936161616161,-0.0011293947662269826,0.010918252363636364,-0.00022320200000000134,495
2023-10-17,5.442701010101003e-05,-0.004050734095598799,0.00380268490909091,0.0052925841818181815,495
2023-10-18,-0.014001584048582996,-0.008451826234817815,0.012512527030303028,0.009625987333333334,494
2023-10-19,-0.01425040502016129,0.007473311411290323,-0.0014274811369112822,-0.0011389835282950012,496
2023-10-20,-0.004624582092555331,0.006190783864166343,-0.0016951430120481928,-5.248518072289293e-05,497
2023-10-23,-0.018992685191146882,-0.0077159668303860614,0.01449618578313253,0.007552536927710844,497
2023-10-24,0.015730059617706234,0.014497453743846351,0.00029309927710843495,-0.018529277590361444,497
2023-10-25,0.012410870804828973,0.00897186706325301,0.012234604036144577,-0.017537564879518075,497
2023-10-26,0.0035888214545454545,-0.0013034249617996613,0.010564044,-0.0011475118181818187,495
2023-10-27,0.014521570767676769,-0.0017814412129424067,0.010395909212121215,-0.008987857757575761,495
2023-10-30,0.005128587878787878,0.003540630418244744,0.011447851393939393,-0.009839688363636363,495
2023-10-31,-0.0015724038989898988,0.00410940292852945,0.003740010363636364,0.000827114121212121,495
2023-11-01,-0.00011226662626262639,0.001826225904237952,0.0072203730909090914,-0.0011977756363636361,495
2023-11-02,-0.005819795232323233,-0.000769630473423012,0.0007239290909090909,0.004099735454545454,495
2023-11-03,0.00482604101010101,-0.0038692031890753572,-0.00039461357575757555,0.0004441040000000007,495
2023-11-06,0.011812141212121211,-0.00015386689548778885,0.009795798909090906,-0.010490330363636361,495
2023-11-07,0.001114253494949495,-0.00043579658057986176,0.0073537893333333335,-0.007435841757575757,495
2023-11-08,-0.00013720272727272743,-0.0010943548795220059,0.007678772484848484,-0.006966500424242425,495
2023-11-09,-0.0028250978340080973,-0.003426730404858299,-0.009119553575757578,0.009834566666666667,494
2023-11-10,-0.002412583400809717,0.0025563077732793527,0.008927088666666668,-0.00328815690909091,494
2023-11-13,0.005564242515212981,0.004076322968302557,0.008920252318551368,-0.008762955865484109,493
2023-11-14,0.0033925810750507096,-0.004695240945163097,0.005746025473022912,-0.007868090327420547,493
2023-11-15,0.00569642920892495,-0.00305262963562753,-0.002404704732815964,-0.0006260479626755359,493
2023-11-16,-0.007047516612576066,0.002048486832395247,0.0019003302830746492,0.0011549638584626744,493
2023-11-17,0.0035511772210953343,0.00043044068694249706,0.011339776284183298,-0.00905996602586844,493
2023-11-20,0.005029647631578948,0.0013455938866396757,0.008469684545454544,-0.0039903793333333345,494
2023-11-21,0.0008764142307692309,0.0005779482995951417,-0.002191373454545454,0.0007503323030303028,494
2023-11-22,-0.00676022443319838,0.0014330959109311748,0.00698461903030303,0.0018859612121212123,494
2023-11-23,0.007728423575757575,0.002639270999412302,0.003720364787878787,-0.00474973193939394,495
2023-11-24,-0.004873221797979798,0.0007825089382264604,0.006249349090909092,0.003433270424242424,495
2023-11-27,-0.005012615252525251,0.0014804571339950374,0.0008928108484848492,0.0018517611515151532,495
2023-11-28,0.0037147604242424243,-0.00111596677843803,0.008665814484848483,-0.003820165454545454,495
2023-11-29,-0.006644860181818181,-0.0030798351545971003,0.006063905818181818,0.002124272606060607,495
2023-11-30,-0.0011774501212121213,-0.0034758616195964477,0.0024684193939393936,0.006748088363636363,495
2023-12-01,0.0035041634747474755,0.0036592794051194992,0.013195080727272728,-0.009432468727272726,495
2023-12-04,-7.176753535353538e-05,0.005171365822776545,0.014134999818181816,-0.004885260909090909,495
2023-12-05,-0.015416190121212122,-0.00020074417232597563,0.011529241454545454,0.0013340810909090884,495
2023-12-06,0.003704504565656566,0.002110689080579863,0.005128186181818181,-0.005188217333333334,495
2023-12-07,-0.0022796590303030303,-5.5245481911976244e-05,0.002949632303030303,0.0006684023636363643,495
2023-12-08,-0.006446750181818181,-0.014030521624493928,-0.0003685064848484836,0.012564280363636363,495
2023-12-11,0.007944724626262627,0.00022548352781768394,0.006913151393939394,-0.0028387376969697007,495
2023-12-12,0.005828452585858585,0.0028474270448609123,0.005652489575757575,-0.00743663187878788,495
2023-12-13,-0.007726587272727272,0.004816874960820165,0.01876390527272727,-0.0052783531515151515,495
2023-12-14,-0.000553160505050505,0.004240178317226067,0.010863841030303032,-0.0030594863030303033,495
2023-12-15,-0.004129692565656566,0.0021195707213987206,0.0013694233939393944,-0.002294068242424242,495
2023-12-18,-0.010341076404040403,-0.006437072346219146,0.0016513195151515152,0.012181782909090907,495
2023-12-19,-0.0027299466194331983,-0.0037217873279352222,-0.00020693733333333394,0.0034228321212121213,494
2023-12-20,-0.01077311698989899,-0.0003582110498563402,0.009495466060606061,0.00944316606060606,495
2023-12-21,0.006450156437246965,-0.0028459864777327934,-0.002872685939393939,-0.0027562590909090898,494
2023-12-22,-0.006014539493927125,-0.008305397044534413,0.006065342363636365,0.01827896503030303,494
2023-12-25,-0.002218068397565923,-0.00984378140021724,0.0035651736685144123,0.007347973748706577,493
2023-12-26,-0.007167617281947262,-0.005158204033112803,0.014316002320768661,0.0024846267897265335,493
2023-12-27,0.006001929432048681,0.002237375455218722,0.0019036338388765707,-0.002659570773466371,493
2023-12-28,0.014927686795131843,-0.0026309675664066366,-0.0003606288784183294,-0.006356128039911306,493
2023-12-29,0.006087870283975659,-0.00024836840640531967,0.0026459570365853667,-0.00393695568662232,493
2024-01-02,0.001640976064908722,0.012938155398768967,0.010983358242424242,-0.00419768880894309,493
2024-01-03,0.002346660243407708,0.0014753706940192886,0.010767961921655581,0.0006707704637841836,493
2024-01-04,-0.0037163871196754564,0.004061982867252559,0.009959839198078344,0.00045006318847006736,493
2024-01-05,-0.009986339089068826,-0.0038986457894736835,0.010958609878787882,0.008901012363636364,494
2024-01-08,-0.015777340020242916,-0.004464211943319835,0.012323524545454542,0.005750084060606057,494
2024-01-09,0.004794298319838057,0.001079773724696356,0.007608194848484848,-0.005003950242424243,494
2024-01-10,-0.004543181919191918,-0.003016499293130469,0.007406933030303031,0.00035369284848484756,495
2024-01-11,0.00840476791919192,0.0056111137772626345,-0.008711604727272726,-0.012859207090909089,495
2024-01-12,-0.002737383818181818,-0.0003517882081755259,0.013681266606060607,0.008110600727272725,495
2024-01-15,0.0010059938787878788,-0.002912913722084367,0.005094441212121212,-0.0019823736363636353,495
2024-01-16,-0.0007073479393939396,-0.01120795249787776,0.012169932121212122,0.005103520848484848,495
2024-01-17,-0.02136250616161616,-0.0020907731544665027,0.012584819333333327,0.008251960303030298,495
2024-01-18,-0.0030067889090909096,-0.018504784294109965,0.012479458303030303,0.005995340545454547,495
2024-01-19,-0.006618206767676768,-0.0009453485176962265,0.0037519050303030325,0.0049151990909090905,495
2024-01-22,-0.04219448591919192,-0.027222552814581427,0.034344356363636364,0.038296292424242415,495
2024-01-23,0.006238909898989899,0.0003969049333942803,0.0033084536363636365,0.0015140167272727281,495
2024-01-24,0.020117777676767677,0.008477510850365681,0.006991376303030299,-0.008081782303030301,495
2024-01-25,0.03171717854545454,0.009432921412759566,-0.0021072973333333272,-0.019681303878787883,495
2024-01-26,0.004739421131313131,0.009453416112217578,0.017230353454545454,-0.009886918545454546,495
2024-01-29,-0.016736141232323233,-0.013077392801031732,0.026183852303030303,0.02313547218181818,495
2024-01-30,-0.023063144888888887,-0.009337979504701575,0.01934784666666667,0.016469645818181812,495
2024-01-31,-0.02849136664646465,-0.025169570291563276,0.038945873151515153,0.039781193939393944,495
2024-02-01,-0.013338871575757576,-0.016050004002220192,0.01571197539393939,0.021826408181818184,495
2024-02-02,-0.025442958848484847,-0.020240453479006142,0.039385450060606064,0.029488228969696974,495
2024-02-05,-0.04078918529292929,-0.061024465436691905,0.08701836557575758,0.08985181975757575,495
2024-02-06,0.031804311555555555,-0.021212036597394533,0.03127645109090909,0.01633346363636364,495
2024-02-07,0.009482626949494949,-0.029488668660539372,0.04889841315151515,0.021882101818181815,495
2024-02-08,0.029477516383838383,0.04134077556353663,-0.059585579393939395,-0.05858447660606061,495
2024-02-19,0.01920788898989899,0.015218379689336555,-0.02577983078787878,-0.02563120715151516,495
2024-02-20,0.005599111373737373,0.0003396476028470676,-0.0035410647878787874,-0.0048395191515151524,495
2024-02-21,0.011569914424242425,0.006146353915208305,-0.015755055696969694,-0.011740791515151514,495
2024-02-22,0.013154876585858585,0.0016785439552043906,-0.006338770242424244,-0.010883912181818183,495
2024-02-23,0.011300742787878789,0.013201144532127465,-0.023677341393939396,-0.0269075963030303,495
2024-02-26,1.925111111110812e-06,0.013545963667395846,-0.017904220424242424,-0.02382303757575758,495
2024-02-27,0.0174710078989899,0.004826270048974797,-0.007092162787878789,-0.020153714363636364,495
2024-02-28,-0.030344505676767674,-0.02622501621914588,0.04420798375757577,0.04610337593939395,495
2024-02-29,0.02649989719191919,0.005846379306027175,-0.004721673333333339,-0.025280305818181817,495
2024-03-01,0.004761875878787879,-0.0017608081392843154,0.006742245333333332,-0.0054638331515151515,495
2024-03-04,0.0014600040808080807,-0.007405549028013582,0.015353154121212121,0.0013583530303030306,495
2024-03-05,-0.004316123393939395,-0.017758264704028994,0.02082197315151515,0.018262160484848484,495
2024-03-06,0.003192019170040486,0.008760797287449393,-0.007578933151515153,-0.010523319454545453,494
2024-03-07,-0.002918783967611336,0.0041364663967611345,-0.0025212201212121226,0.003014967030303031,494
2024-03-08,0.005554411599190282,-0.005994071862348178,0.014787306787878788,-0.0007298916363636361,494
2024-03-11,0.012112031578947368,0.005009853279352227,0.0014178746060606075,-0.012586379151515156,494
2024-03-12,0.0030951749190283404,0.009232318906882591,0.008745431030303032,-0.016573660303030303,494
2024-03-13,-0.0031717172064777326,0.00015519425101214596,0.010029297272727274,-0.0045353090909090905,494
2024-03-14,-0.0004031864170040485,-0.00199793048582996,0.0004948004848484854,-0.000267475878787879,494
2024-03-15,0.010969528765182188,0.0050033134817813775,0.016324047696969695,-0.013216088848484846,494
2024-03-18,0.011989179190283401,0.003604404453441297,0.01727709315151515,-0.012009581454545453,494
2024-03-19,-0.004836230181818182,0.00048721479724435097,0.00960124284848485,-0.006093207151515152,495
2024-03-20,0.006264844747474748,0.0032866726671672963,0.012095150181818181,-0.011562625515151515,495
2024-03-21,0.0028350976363636367,0.0036234143530429674,0.012998132303030305,-0.010796159454545453,495
2024-03-22,-0.012213830040404038,-0.004091980094031604,0.004510666242424242,0.001249640666666666,495
2024-03-25,-0.01131291505050505,-0.009569487034739452,-0.00022804909090909029,0.01724542454545455,495
2024-03-26,0.0021026157894736843,0.0011723303643724696,0.0063508716363636355,0.0029174639999999994,494
2024-03-27,-0.02108091217299578,-0.01017154814345992,-0.002079705569620255,0.02502971620253165,474
2024-03-28,0.012486074817813764,0.005466628016194332,0.01278021509090909,-0.0207147563030303,494
2024-03-29,0.011231411781376517,0.0025677600000000005,0.01466621509090909,-0.004993985575757575,494
2024-04-01,0.01676766145748988,0.003362929473684207,0.005115191757575759,-0.009939437212121212,494
2024-04-02,0.0026782377732793524,0.004554714979757084,0.0190932723030303,-0.0042904067272727265,494
2024-04-03,0.0014554302631578947,-0.006666558744939271,0.01715445484848485,0.0006482719999999997,494
2024-04-08,-0.010627434595141701,-0.009828656234817813,0.009679732969696975,0.010272570606060604,494
2024-04-09,0.00492848404040404,0.0055751519491968144,0.006295320121212122,-0.00726033703030303,495
2024-04-10,-0.010995968565656567,-0.013385260815756821,0.010756550606060601,0.013784437515151515,495
2024-04-11,0.004154524565656566,0.0009214241865286663,0.010468763393939394,-0.002835153151515151,495
2024-04-12,-0.006748880868686869,-0.004218086100300378,0.013615566303030303,0.002116320242424242,495
2024-04-15,-0.0064532066868686865,-0.04104913239225545,0.03299880448484849,0.05403922218181818,495
2024-04-16,-0.03646160044444444,-0.03716722813014235,0.053089088363636364,0.05810194696969696,495
2024-04-17,0.03225088744939271,0.018606416275303638,-0.019143682787878792,-0.037801766242424255,494
2024-04-18,-0.0007495350809716599,-0.007026097530364373,0.013646374363636367,0.0047117464848484844,494
2024-04-19,-0.0022090724493927126,-0.0030824078947368425,0.01851323721212121,0.0009120052727272726,494
2024-04-22,-0.00833915366396761,-0.0032987464372469626,-0.004382208848484847,0.006454381030303032,494
2024-04-23,-0.00816326370445344,0.011136491619433198,-0.024346909333333333,-0.004258201454545455,494
2024-04-24,0.01017786585020243,0.006095849919028338,-0.0005720522424242439,-0.01392300121212121,494
2024-04-25,0.00439406544534413,0.0014789138866396754,0.00046528799999999947,-0.004163570242424242,494
2024-04-26,0.01309416831643002,-0.00042387082436391027,-0.00632217192017738,-0.005235002224685885,493
2024-04-29,0.01766205048582996,0.016222418704453435,-0.016354665151515152,-0.01954160812121212,494
2024-04-30,-0.004192431914460285,0.0017480208634478183,0.011606863963414635,0.003450124146341463,491
2024-05-06,0.01782163452525252,0.002670479567389316,0.007011803151515148,-0.00957992896969697,495
2024-05-07,0.0018659884848484846,-0.0014416631301423536,0.002855809757575758,-0.0042027281818181805,495
2024-05-08,-0.008970353050505048,-0.005971988279841975,0.009052963515151516,0.006464053454545457,495
2024-05-09,0.011898505737373737,-0.0025525387638761915,0.0024217152121212126,-0.0034768584848484854,495
2024-05-10,0.0009284454949494949,-0.004833930942438293,0.010995710181818184,0.0011811948484848488,495
2024-05-13,-0.0060965022222222226,-0.011351946846023248,0.025807596727272723,0.016803188545454543,495
2024-05-14,0.003618700707070707,0.00499920185451221,-0.0027934788484848486,-0.011627140848484846,495
2024-05-15,-0.007078512646464646,0.0021809827703408637,0.002617843272727273,-0.0037196245454545447,495
2024-05-16,0.0025717410707070706,0.0026109028937573464,0.009731867393939393,-0.007353285878787879,495
2024-05-17,0.010768409656565657,-0.003580931259631711,0.014164952606060606,-0.005596633818181818,495
2024-05-20,0.005804338886639677,-0.007268878340080971,0.0010648225454545452,-0.004685593212121213,494
2024-05-21,-0.006606994383838384,-0.0019812750177941743,0.008388534545454546,0.004437831212121213,495
2024-05-22,-0.00015789832323232316,-0.0009130340764986293,0.006784539151515152,0.0015154658181818182,495
2024-05-23,-0.01943143066666667,-0.00933996664098211,0.003122008969696971,0.0123400716969697,495
2024-05-24,-0.005835374585858586,0.002027004048746244,0.005322015636363638,-0.001252041818181819,495
2024-05-27,0.007610478909090909,-0.006068095467872533,0.0026768972121212114,0.005535864606060605,495
2024-05-28,-0.008852142368421053,-0.006116710890688259,0.006646268545454548,0.005903920848484849,494
2024-05-29,0.0017159340202020203,-0.0014876744918048842,0.005544675030303031,-0.0020082067878787885,495
2024-05-30,-0.01004627443319838,-0.0006727357489878533,-0.004752214181818178,0.011598342484848485,494
2024-05-31,-0.0009207530909090908,0.0036652864460624277,-0.0026028109090909094,-0.0012939481212121222,495
2024-06-03,-0.012952495656565657,-0.019011522254146533,0.019948942727272725,0.020325121333333335,495
2024-06-04,0.00406062896969697,-0.012776314320556353,0.01892599278787879,0.005137851272727273,495
2024-06-05,-0.01607717098989899,-0.010416911883407341,0.012887749333333328,0.01604864715151515,495
2024-06-06,-0.019273180686868684,-0.03013517648034478,0.04048929793939394,0.03325516381818182,495
2024-06-07,0.011918074210526316,0.020951975789473685,-0.018836168606060605,-0.027980714060606062,494
2024-06-11,-0.0055467884412955465,0.002819088623481782,0.0025638931515151514,-0.0036858236969696976,494
2024-06-12,0.007578540969696969,0.00692909170954682,-0.004797246242424242,-0.01609115272727273,495
2024-06-13,-0.009746752404040404,-0.006721727503917983,0.017207698606060605,0.00689887024242424,495
2024-06-14,0.0020806396969696972,0.0022222584848831132,-0.0018631473939393942,-0.0014874238181818184,495
2024-06-17,-0.00788882880808081,-0.006967496844717252,0.011576852909090907,0.01013983721212121,495
2024-06-18,0.0080545120242915,0.006122523076923075,-0.0044693630303030306,-0.012517619454545452,494
2024-06-19,-0.0070474341616161605,-0.0019229129623220603,0.00238388818181818,0.0013899902424242428,495
2024-06-20,-0.015691126383838384,-0.011805155951580255,0.018084701939393946,0.016688692969696974,495
2024-06-21,4.5170828282828395e-05,0.0006485912093509207,0.0032721909090909084,-0.0016974316363636364,495
2024-06-24,-0.02308837282828283,-0.02023875911257672,0.029403393151515148,0.028783181151515146,495
2024-06-25,0.0015640590101010101,0.01093133031409168,-0.00508314109090909,-0.012313243151515151,495
2024-06-26,0.014005328242424241,0.012469433321797046,-0.011723938606060606,-0.015460029636363636,495
2024-06-27,-0.016055594828282827,-0.005152146138827222,0.01402377709090909,0.01198077975757576,495
2024-06-28,0.004144088686868687,-0.003819619017728875,0.012486656727272727,-0.0004786907272727272,495
2024-07-01,0.01399108898989899,0.004277827887064123,-0.0039008651515151527,-0.011013220848484849,495
2024-07-02,0.00015216604040404008,0.012125531442307692,-0.0007560242424242422,-0.008676638484848485,495
2024-07-03,-0.00272671602020202,0.0036443239076988385,0.0059039744242424235,-0.005010149515151515,495
2024-07-04,-0.017955102303030306,-0.015095587982891472,0.014338797393939392,0.021538034242424238,495
2024-07-05,0.006685921717171718,0.007838921480344783,0.0023234970303030325,-0.016917112606060606,495
2024-07-08,-0.019417281676767678,-0.0135067116422881,0.019827793878787886,0.020095990121212125,495
2024-07-09,0.010758079151515151,-0.002589307129750553,0.006685290666666665,0.0012311864242424229,495
2024-07-10,-0.010054822000000001,-0.004613220718460233,0.009036198787878789,0.008591762666666667,495
2024-07-11,0.02359240018181818,0.015127184039604284,-0.006718051696969696,-0.027490499515151513,495
2024-07-12,0.0001830662020202022,0.0029682073615645817,0.005484893090909092,-0.0010499329696969698,495
2024-07-15,-0.006444865292929293,-0.012072005529907273,0.014236300303030303,0.015096623575757575,495
2024-07-16,0.0014770565858585858,-0.005491299447890819,0.00847261515151515,-0.0027729777575757576,495
2024-07-17,-0.004883093878787879,-0.0020718651673305474,0.011689959090909093,0.008553738606060606,495
2024-07-18,0.004093146336032388,-0.00348216991902834,0.007516388121212122,0.0024122110303030305,494
2024-07-19,-0.0005320950000000001,-0.0022009239271255057,0.0034926178787878783,0.004046936363636363,494
2024-07-22,-0.003616723380566802,0.0039849929959514165,0.005411231818181818,-0.0038750886666666655,494
2024-07-23,-0.017732322246963562,0.0068577508906882585,0.020082503575757575,0.001815896242424243,494
2024-07-24,-0.011074167732793525,-0.006585565263157893,0.01221967927272727,0.014071768545454543,494
2024-07-25,0.0008752741902834007,0.008176798340080971,0.008831212666666664,-0.004021304,494
2024-07-26,0.0120844962145749,0.006956536963562755,-0.0032867022424242446,-0.017780906121212123,494
2024-07-29,0.0004221241902834009,0.006287064089068825,0.011373051030303028,-0.007088493212121212,494
2024-07-30,0.002027376497975709,0.010661190404858299,0.008400790363636364,-0.01042708606060606,494
2024-07-31,0.02906964674089069,0.0018483595546558672,0.0007441726060606058,-0.019986908000000005,494
2024-08-01,-0.0016047892121212122,0.0022249731582212355,0.012438466666666667,-0.004980384727272727,495
2024-08-02,-0.00757367707070707,0.0033680899764920967,0.007356437030303027,0.0013596234545454541,495
2024-08-05,-0.014328708040404039,-0.00047347680896565186,0.009216193818181817,0.00603641696969697,495
2024-08-06,0.009039752327935222,0.009708278340080973,0.011628838363636363,-0.010315141272727271,494
2024-08-07,-0.00031003380566801584,-0.0013249782995951418,-0.0041718450303030305,0.0003266724848484843,494
2024-08-08,0.00329402975708502,0.005908502914979757,0.008818286787878788,-0.002819427090909091,494
2024-08-09,-0.004537546113360324,-5.848858299595163e-05,-0.0007261184242424246,0.0018928139393939395,494
2024-08-12,-0.005021857145748988,-0.005165979878542511,-0.0014973678181818186,0.008613429818181816,494
2024-08-13,0.003598632165991903,0.0022182538056680157,0.0044102186666666685,-0.0011533684242424238,494
2024-08-14,-0.007795040647773281,0.0009395157894736845,0.007610349575757575,0.0021996801212121227,494
2024-08-15,0.0081792678340081,-0.0027367614979757074,-0.0023357181212121207,-0.0005440350909090893,494
2024-08-16,-0.007291124129554656,-0.010017826072874495,-0.004998338666666665,0.010099464181818184,494
2024-08-19,0.0021142819635627534,-0.0019338177732793518,0.001960325636363637,0.005346702060606061,494
2024-08-20,-0.014275703178137651,-0.004387154534412952,0.0033037676969696964,0.008176271454545457,494
2024-08-21,-0.004099989777327935,-0.000165451376518219,0.002832805515151515,-0.0007391622424242411,494
2024-08-22,-0.00908968354251012,-0.008206205870445344,0.005798957696969695,0.008999063151515153,494
2024-08-23,0.0015038000404858304,-0.007114792388663968,0.008321825333333335,-0.003006111696969697,494
2024-08-26,0.005631504129554656,0.010883252388663969,0.009208305575757575,-0.00813797812121212,494
2024-08-27,-0.009157641396761134,-0.00417087056680162,0.01421749624242424,0.010050091030303028,494
2024-08-28,-0.0014471331983805667,0.007729544210526315,0.0022495176969696967,-0.0015756994545454545,494
2024-08-29,0.0041062165991902835,0.004594258704453441,-0.007984133212121212,-0.011395991696969697,494
2024-08-30,0.01426143028340081,0.0020363415384615363,-0.001111881939393938,-0.015598443818181821,494
2024-09-02,-0.014126657692307693,0.002240763400809717,0.019406748606060606,0.006338040121212123,494
2024-09-03,0.004850353259109312,0.00144132044534413,0.0013049230909090905,-0.00998906818181818,494
2024-09-04,-0.008136722004048582,-0.0017386200404858297,0.004049738303030301,0.005164737696969696,494
2024-09-05,0.005681955465587044,0.005559270364372468,-0.0035709030303030295,-0.008403631272727271,494
2024-09-06,-0.009708857368421054,-0.0030698249392712568,0.011187766303030304,0.0024091684848484857,494
2024-09-09,-0.005932595971659919,0.009445413238866399,0.010327868666666667,-0.009568948606060607,494
2024-09-10,0.00010402232793522279,0.0007745464372469638,0.005816921636363636,-0.0019227642424242428,494
2024-09-11,-0.00561584072874494,-0.005711870607287449,0.010509311272727272,0.0002906699999999998,494
2024-09-12,0.0006160622064777328,0.006412427165991903,0.006481754545454545,-0.005493573090909091,494
2024-09-13,-0.003216187105263158,0.001042303765182186,0.010098279515151517,-0.004814143090909091,494
2024-09-18,3.937823529411819e-05,-0.011818994300385108,-0.0020498699161123433,0.007768627298595713,493
2024-09-19,0.01900826398785425,0.010877277611336033,0.012480609454545455,-0.02128431393939393,494
2024-09-20,-0.000128568076923077,-0.0034362037651821864,0.009079611818181819,-0.0029846855757575765,494
2024-09-23,0.0029547273886639676,0.0011192930769230768,0.0007690075757575761,-0.0008693697575757574,494
2024-09-24,0.036408868319838056,-0.007272273724696354,-0.008331120848484856,-0.0042082824848484815,494
2024-09-25,0.014185147307692308,0.00353713720647773,0.010653249696969696,-0.008445623515151516,494
2024-09-26,0.03967683311740891,-0.004319318380566796,0.01559240157575758,-0.02065839109090909,494
2024-09-27,0.03898984512145749,-0.006853852914979759,0.027180753393939397,-0.026206124181818186,494
2024-09-30,0.08293356819838056,-0.002418574534412965,0.0249627032121212,-0.027867498424242437,494
2024-10-08,0.04261957427991887,-0.011136294477469465,0.04517290734478936,-0.035391686300443446,493
2024-10-09,-0.07374699464503043,-0.014416528627102465,0.0026478325365853622,0.022765101444198063,493
2024-10-10,0.007521054705882352,-0.002247412673545968,-0.014532609687730968,0.026233712932372505,493
2024-10-11,-0.02879358626774848,-0.0011924270713603961,-0.0005596161511456019,0.016970445183296375,493
2024-10-14,0.02354288929006085,0.003043493052401168,0.014376283115299333,-0.013202486790465637,493
2024-10-15,-0.020435847044534414,0.008075809311740893,0.004753063636363641,-0.003167767878787881,494
2024-10-16,0.006671820850202429,0.010263097651821863,0.012243875515151516,-0.002383649393939394,494
2024-10-17,-0.01260170738866397,-0.004842812995951415,0.002226293454545454,-0.000116050787878786,494
2024-10-18,0.023963185404858298,-0.013830095910931168,0.016145004181818187,-0.012845680666666668,494
2024-10-21,0.005673263569979716,-0.0038965622533820494,0.015555865755358467,-0.01258564634257206,493
2024-10-22,0.012983617302231236,0.008703528275073232,-0.0005317557054693306,-0.0055515014663710255,493
2024-10-23,0.006674155354969574,0.001653060085908955,0.00825207583148559,-0.0031162085580192147,493
2024-10-24,-0.0036223276876267752,0.012397767997926336,0.0021570418396156697,-0.0017893244297856612,493
2024-10-25,0.01573921634888438,0.010957040309403908,0.01647993412564671,-0.018879857658536586,493
2024-10-28,0.0215114637398374,0.020780927154471544,0.0246386693902439,-0.024828514024390243,492
2024-10-29,-0.013715982332657202,-0.008080081227082718,0.01367501591832964,0.004482794508130081,493
2024-10-30,0.0011233468965517242,0.007425809186004411,0.01828037555173688,-0.012668268317073173,493
2024-10-31,0.01013393694331984,0.005585910728744941,0.026691423515151518,-0.02128127921212121,494
2024-11-01,-0.009797010182555781,-0.01960117610266285,-0.018671275981152993,0.031590598101995576,493
2024-11-04,0.011757449330628804,-0.0013136473899805837,0.0065179998654841115,-0.006315860001847749,493
2024-11-05,0.02611437261663286,0.0007997688377604402,0.017399200117886177,-0.02066980245158906,493
2024-11-06,0.0043365899594320495,0.005773958117573482,0.018117185193274203,-0.015480855731337768,493
2024-11-07,0.029009017079107503,0.007116299554820453,0.014702515818551368,-0.015474063196230594,493
2024-11-08,-0.005363572576064908,0.00032528228185378996,0.012822218080561713,-0.006476116366592757,493
2024-11-11,0.0055168757520325205,-0.0027826576016260155,0.019131540792682925,-0.008488192743902438,492
2024-11-12,-0.0075853762804878044,0.0018996450813008143,0.004124040304878049,0.0005874819512195111,492
2024-11-13,-0.0019164223983739838,-0.007238406260162602,-0.007820552926829268,0.0127235975,492
2024-11-14,-0.022750200914634148,-0.003830512723577234,-0.01012259798780488,0.015188568475609752,492
2024-11-15,-0.019117610365111563,-0.0038096366870741527,-0.011294652675535841,0.017968182109016996,493
2024-11-18,-0.006358930162271805,-0.00337330572430137,0.006454261771988175,0.01537197214301552,493
2024-11-19,0.011931691034482758,0.0032205164105855635,0.01162064635661493,-0.014926311135624539,493
2024-11-20,0.012892196511156188,0.009855788313254994,0.019707919732076865,-0.02084649722357724,493
2024-11-21,0.0036706165314401625,0.000360930464599586,0.009213622302660754,-0.008769449689209164,493
2024-11-22,-0.028972681379310347,0.0006262902091767851,0.011178641016260163,0.000375237489652621,493
2024-11-25,0.0044858515618661264,0.013138748209900923,0.016169931199186992,-0.013719612107538803,493
2024-11-26,-0.005052159716024341,-0.0013849703242157932,0.001488901457132298,0.007932411934589802,493
2024-11-27,0.012217370425963488,-0.008900182786939208,-0.0009155666345158926,0.0012016495336289717,493
2024-11-28,0.0006080772616632856,0.006344058202330404,0.012517841163710273,-0.01276206904804139,493
2024-11-29,0.01024560350912779,-0.004250085695500477,0.003715812232076868,-0.004596432508499629,493
2024-12-02,0.017510507317073175,0.013799757804878052,0.015215815670731709,-0.020792540853658538,492
2024-12-03,0.004593959430894309,0.0002885995121951219,0.006111476890243902,-0.001962396402439023,492
2024-12-04,-0.010640902886178862,-0.010536808617886178,0.0017683373170731716,0.014952334817073172,492
2024-12-05,0.0046291489837398375,0.0034376059349593494,0.010638432865853658,-0.017547458902439025,492
2024-12-06,0.01403556174796748,0.0009216610569105655,0.006694251951219515,-0.0067662135365853665,492
2024-12-09,-0.0023535449796747965,-0.0031879147560975613,0.008736736280487807,0.004136405914634147,492
2024-12-10,0.0042481195934959345,-0.006438412764227641,2.5645426829267598e-05,-0.001343663719512194,492
2024-12-11,0.01332942699186992,0.00993309788617886,0.020565226951219515,-0.023444419146341464,492
2024-12-12,0.012183811280487806,0.0033291132926829264,0.012517860243902442,-0.011223893536585362,492
2024-12-13,-0.018764377378048782,-0.002161992723577238,0.01515584859756098,-0.005447099024390244,492
2024-12-16,5.6304259634888335e-06,0.004692281413712517,0.01856176581226903,-0.007431935464153731,493
2024-12-17,-0.020556183813387422,-0.021006125681840626,-0.025541258242793793,0.04508176462786401,493
2024-12-18,0.003915564482758621,-0.0017177495197656426,0.0035226951991869917,0.0018826083994826297,493
2024-12-19,-0.005642493569979716,-0.0028816976026134755,-0.003646564259423505,0.0066739315450849955,493
2024-12-20,-0.0015754198377281948,-9.794936917810536e-05,0.006592637039541759,-0.0051751201755358455,493
2024-12-23,-0.022071328296146046,-0.02842313098745927,0.02041719420325203,0.05392479862158167,493
2024-12-24,0.009711662434077081,-0.005327970653368881,0.01046563961345159,0.007416132336289728,493
2024-12-25,-0.010425980202839757,-0.017636796701886042,0.022053746353658532,0.02459162513784183,493
2024-12-26,0.003976508945233266,0.0008428592936374712,0.0024177246467110133,-0.015171785029194383,493
2024-12-27,0.008732405720081136,0.01161041082979494,-0.00548411762675536,-0.01714145496119734,493
2024-12-30,-0.004823269471544716,-0.016012300081300813,0.019360453841463413,0.020229905853658532,492
2024-12-31,-0.01680997672764228,-0.0020510413414634165,0.01225951256097561,0.0036709295121951247,492
2025-01-02,-0.019106017276422766,0.0047964473170731756,0.009395649939024388,-0.015064214939024394,492
2025-01-03,-0.022234602113821136,-0.01733935487804878,0.031422581524390245,0.031787344695121955,492
2025-01-06,-0.0030745326422764226,0.0005072964227642281,0.012706374573170733,0.013377649878048781,492
2025-01-07,0.009297481646341463,0.004095018902439024,-0.01253414493902439,-0.019519316219512195,492
2025-01-08,-0.0010067103861788617,-0.00396742768292683,0.009286186951219515,-0.0051941341463414645,492
2025-01-09,-0.003131576402439025,-0.0006178814227642275,-0.0041188475,-0.00773197493902439,492
2025-01-10,-0.02046848085539715,-0.009018204980255518,0.025427056341463417,0.021786149024390244,491
2025-01-13,0.0015183043089430893,0.005080153414634147,-0.005002379207317073,-0.0038563273170731708,492
2025-01-14,0.03241033817444219,0.008696998792337315,-0.015284303239467854,-0.029236384872505544,493
2025-01-15,-0.004383887586206896,0.0023767907428985224,-0.004645950745380636,-0.000778822929785661,493
2025-01-16,0.006910784421906694,0.0037607386195319453,-0.0038392194016999255,-0.007456255950480413,493
2025-01-17,0.0011118563765182188,-0.002330406356275304,0.0054150530303030305,0.004675609151515152,494
2025-01-20,0.0037792041093117406,0.0037469487854251016,-0.003054165818181817,-0.007142321999999999,494
2025-01-21,-0.0038893019635627534,-0.011136606680161944,0.00900103509090909,0.0020396010303030303,494
2025-01-22,-0.010161549817813767,-0.0033484300809716594,0.011650302787878784,0.005317813636363635,494
2025-01-23,0.0007315571255060727,-0.0032765434817813768,0.0007889269090909094,0.005063527696969696,494
2025-01-24,0.0060352194331983805,-0.005315896437246965,0.005870525696969697,-0.00036755903030303,494
2025-01-27,-0.0023605335829959516,0.0008046250607287447,0.009594229212121212,0.013425231575757576,494
2025-02-05,-0.0009363573684210524,0.005879857246963563,0.009669547393939396,-0.017417808606060604,494
2025-02-06,0.011818494959514168,-0.00186187178137652,0.010291589090909093,-0.00883382818181818,494
2025-02-07,0.014236373400809715,0.0003000624291497958,0.0065790452727272734,-0.009617793878787877,494
2025-02-10,0.010697729919028339,0.0067966982186234825,0.011215935696969695,-0.020249218545454542,494
2025-02-11,-0.0036521533198380566,-0.0033015613765182165,0.0022606794545454536,0.0031749784848484845,494
2025-02-12,0.007575763785425101,-0.003699991781376517,0.009657319939393939,-0.008622790969696969,494
2025-02-13,-0.002704849352226721,-0.0021482670445344123,-0.0023607066060606064,0.001392976363636363,494
2025-02-14,0.0010342656275303642,-0.012202320404858299,0.014580809151515153,0.006542053272727272,494
2025-02-17,0.005898283238866397,0.00786677125506073,0.01645783478787879,-0.016050245393939393,494
2025-02-18,-0.01782094431174089,-0.007292237125506076,-0.005970160181818184,0.023804427757575755,494
2025-02-19,0.009367458704453442,-0.0013593425101214567,0.01234803109090909,-0.01442013321212121,494
2025-02-20,0.00325648975708502,0.0011367548987854248,0.009534393515151516,-0.012283395454545452,494
2025-02-21,0.00408745987854251,-0.012211293036437247,0.02291506090909091,-0.0041353707272727275,494
2025-02-24,0.004258057631578947,0.007978144493927126,-0.0003238910909090908,-0.009467353454545453,494
2025-02-25,-0.006644660910931173,-0.002075633076923075,0.013551172060606059,-0.009542329090909091,494
2025-02-26,0.013112954939271256,0.0021584475303643713,0.008939300363636368,-0.00928085563636364,494
2025-02-27,0.0019154019230769232,-0.00014547080971659908,0.000974670181818182,-0.0010791764242424244,494
2025-02-28,-0.01994112072874494,-0.002404916194331981,-0.012128210303030306,0.018604709939393935,494
2025-03-03,0.0029641306085192703,0.0030715514586419136,0.006458060181079084,-0.003469068864375461,493
2025-03-04,0.004016332190669372,0.0021090352810967383,0.008969814967110124,-0.007244719069105692,493
2025-03-05,0.001444254827586207,-0.008650821575984988,0.00894280047487066,-0.002997127418699187,493
2025-03-06,0.01203979430020284,-0.003621086315624897,0.010632155642645972,-0.010469853177753143,493
2025-03-07,-0.0013486628803245436,-0.004125807146078141,0.00906963430007391,0.003103049744271988,493
2025-03-10,0.0030868965720081136,0.0029163731083571977,0.004628278458610495,-0.006489863625646712,493
2025-03-11,0.007503335557809332,-0.0013295182716171272,0.012241618685513673,-0.007546968328159646,493
2025-03-12,0.0003058181744421909,0.0024717341527599485,0.0007388745550628231,-0.006118154649297857,493
2025-03-13,-0.002756225983772819,0.00016793893025246042,0.004714274581300813,0.010337871196600148,493
2025-03-14,0.016286917322515214,-0.0051106267769329555,5.833546526238034e-05,-0.0028133925007390974,493
2025-03-17,0.002636463299595142,0.002913146113360324,0.002767642424242423,-0.004607680727272726,494
2025-03-18,0.002875576012145749,-0.002515377935222673,0.0064990053333333336,-0.00417302096969697,494
2025-03-19,-0.0030897059432048683,-0.0021079191963727334,0.0003503349915003691,0.008860971929785662,493
2025-03-20,-0.0018884694523326573,0.003973923812580232,0.006003309458240945,-0.0036296032524020696,493
2025-03-21,-0.008797956572008114,0.00459740376979033,0.012370056674057653,0.002879641109016999,493
2025-03-24,-0.0048810733874239355,-0.016777505891840294,0.016362637910569106,0.017810314543237254,493
2025-03-25,0.0007879596551724136,0.0008278776875349723,0.013584539669992608,0.011407337542128602,493
2025-03-26,0.002422844077079108,0.0042002582791876505,0.001508661837028824,-0.009470500096821877,493
