date,MKT,ME,ROE,IA
2023-01-16,0.010273964185110618,-0.005219049878222526,0.007549565180722917,0.0005676436144579355
2023-01-17,0.008742975790022589,-0.007827003558984691,0.018262858765757173,0.003077395703985797
2023-01-18,0.010467718298960094,-0.0038664625157136534,0.021218977793722393,0.0034690137969410895
2023-01-19,0.01444755539770659,-0.004607103586336536,0.03100853584864005,0.00936012633734995
2023-01-20,0.02476184648638169,-0.0009394930483680453,0.031646247691102136,0.0064150616291425155
2023-01-30,0.031990393662717276,0.007703023199972181,0.03783028409337019,-0.006594813513233544
2023-01-31,0.033941637421885495,0.015378176891294615,0.04825164135508886,-0.015080191083746475
2023-02-01,0.04673423652695008,0.015143542442382696,0.06310141278680281,-0.023263931211705002
2023-02-02,0.04743855755200754,0.017477087328222396,0.06554372299078803,-0.028847452921697436
2023-02-03,0.040858292143314046,0.0174325226933707,0.06880304592226749,-0.03018472860615007
2023-02-06,0.034120130102333945,0.023578986531681334,0.07018637928131222,-0.029072994215989745
2023-02-07,0.03933175957325341,0.026435238004003825,0.0759560073911949,-0.0315691435317661
2023-02-08,0.03282357898706456,0.022703811949910335,0.07530995368764737,-0.0280762124901065
2023-02-09,0.04357481663038887,0.017737429208919187,0.08387103589204048,-0.030265519944608577
2023-02-10,0.043273828046864526,0.022991301177225143,0.0833580809309109,-0.03381981447851001
2023-02-13,0.05240552930221676,0.020275152899362547,0.09270846614712114,-0.04381419505179596
2023-02-14,0.05445039813699348,0.016791633326038946,0.09992655255732852,-0.040766809924460246
2023-02-15,0.050206230277443975,0.015166702328031079,0.11163622333846068,-0.04412953055975888
2023-02-16,0.03390243221595868,0.0055850673898487635,0.1079257894205714,-0.03144955689561968
2023-02-17,0.03078235290995046,0.013521224578649793,0.11580718437763249,-0.034353794666403537
2023-02-20,0.04855717321952957,0.0020202365445849413,0.12031270287960383,-0.0354036456862139
2023-02-21,0.056026327576870205,0.001208349330533931,0.1293196881382377,-0.038273868091297625
2023-02-22,0.05348474339480358,0.002834900116686967,0.13812339807235707,-0.042820752238274196
2023-02-23,0.05150980683295048,0.001039777579818324,0.13760096282072043,-0.038844416353551625
2023-02-24,0.04655104983241065,0.004254505424177157,0.14555465435077375,-0.040495244494168414
2023-02-27,0.039967297137227575,-0.00201230684070719,0.1498374097994799,-0.035939800934180255
2023-02-28,0.04840106578981396,0.0004074694923472677,0.15337486525549204,-0.0389235462803077
2023-03-01,0.05697389852295642,-0.005715397800525546,0.15462075980699375,-0.04256283016489992
2023-03-02,0.055793671025729186,-0.006993326285042234,0.16726178910372203,-0.04288359601413949
2023-03-03,0.05953460098903096,-0.008417098103250753,0.1712843154802144,-0.043166836048147195
2023-03-06,0.05785229267031777,-0.008336018128622613,0.17623880856547003,-0.04314246342471606
2023-03-07,0.04127081500785934,-0.013549137141156353,0.1847767674030274,-0.03450356061894955
2023-03-08,0.04304533985060299,-0.008047543363945642,0.18480089769132357,-0.03986405187135267
2023-03-09,0.03922687419731563,-0.009203785746317528,0.1893951038126167,-0.03851547988592818
2023-03-10,0.02314763955934196,-0.012644254526665621,0.19376440359944658,-0.03395303257896576
2023-03-13,0.029666096166548916,-0.023517860881143493,0.21169233094852835,-0.03505251210676419
2023-03-14,0.02030082292483848,-0.031829036873852745,0.22702968991622807,-0.03191899906639395
2023-03-15,0.029302823764366437,-0.022022596039620868,0.2346164725880968,-0.03748362220204493
2023-03-16,0.0140615122499399,-0.02593476591904964,0.2466026801214274,-0.029671509820917596
2023-03-17,0.01981831307306048,-0.02601487808758096,0.2614948506909349,-0.03653918355093899
2023-03-20,0.01338564778021456,-0.027804037372005208,0.26816457808552396,-0.03484781009532223
2023-03-21,0.024555272974981834,-0.026157316693619537,0.26043963123079483,-0.044502391128522945
2023-03-22,0.02797407676600505,-0.02787011599992284,0.2686853795200881,-0.045698378194934164
2023-03-23,0.030929288978438052,-0.037281491156352375,0.28205961446365446,-0.04476198013766153
2023-03-24,0.02841367121251759,-0.03467921547267461,0.28800536438829893,-0.049083116334581844
2023-03-27,0.024507062147033576,-0.03731685594574563,0.29597754632896245,-0.04965578662422143
2023-03-28,0.021613010904871555,-0.040878412102286266,0.3024892991317545,-0.04870599398758291
2023-03-29,0.016867755005033347,-0.04538988316151327,0.3135022266879208,-0.04590498474627469
2023-03-30,0.018488691949481106,-0.05597593953935531,0.3201499726315393,-0.037748285224039946
2023-03-31,0.02687989924762424,-0.05138929051513863,0.32669683964162055,-0.04978073322311127
2023-04-03,0.03449869453934595,-0.0551803109707516,0.34222415032362563,-0.05478522300286748
2023-04-04,0.032723349700922055,-0.06642943291053205,0.36394901028886273,-0.048991559985246735
2023-04-06,0.03017694982994734,-0.07235140097621229,0.3748976248408402,-0.04794656908640116
2023-04-07,0.03696006105947047,-0.06994481405479624,0.37534674472646756,-0.05174964656662262
2023-04-10,0.028750968980415514,-0.07802044544513309,0.3868828347770139,-0.038993990743542706
2023-04-11,0.03146489893431115,-0.07720011486072187,0.4008761389699611,-0.04481845245903604
2023-04-12,0.03538041981006357,-0.07822539713207866,0.4161032754651437,-0.05023002279469757
2023-04-13,0.03351004516895073,-0.0767917114022938,0.4207781071256005,-0.049987571061008595
2023-04-14,0.03644989564271661,-0.08235780104226276,0.42966191800567377,-0.045382871666560964
2023-04-17,0.04547846811420064,-0.09120271051146,0.44333519371977936,-0.03752563853603075
2023-04-18,0.04251319320678948,-0.10020415665115079,0.4548914951303631,-0.030677193360885924
2023-04-19,0.03590021241572905,-0.09893765380136077,0.4666840433543644,-0.03347667711148927
2023-04-20,0.03174208272305479,-0.10518205406483705,0.4944457365640542,-0.035726574029905867
2023-04-21,0.01037100817544201,-0.10699768020685829,0.50473908031063,-0.025814965235693488
2023-04-24,0.002738864454715495,-0.1015186897393493,0.5094570876545523,-0.02341530593956076
2023-04-25,-0.010381191994013772,-0.10987124056966857,0.547133537023194,-0.008065180051669563
2023-04-26,-0.0055338974319690815,-0.10484776658677597,0.5387626363141405,-0.01044990863878359
2023-04-27,-0.0027607504629958424,-0.10659273154610138,0.5547155750247617,-0.003312021028964107
2023-04-28,0.012980660838766811,-0.10035034570886747,0.5586910466716684,-0.016567179783625652
2023-05-04,0.02090561751381803,-0.09399088358400598,0.5956382750178162,-0.019237068646933086
2023-05-05,0.016115628581494734,-0.09187465350580593,0.6160538643451592,-0.019273635861089655
2023-05-08,0.02493582370354752,-0.10120803790723432,0.6480332659835035,-0.013461957121146284
2023-05-09,0.01552659099563547,-0.10181763904351582,0.6579956081140634,-0.009716068368815223
2023-05-10,0.013383370475008816,-0.09837063254558209,0.654305049122081,-0.016388710610345636
2023-05-11,0.014784218698089768,-0.09253044998354565,0.6638383225950362,-0.019696142263579297
2023-05-12,0.004461382454059359,-0.09085503381660398,0.6811607742040824,-0.018327582035506995
2023-05-15,0.012126286820501875,-0.09917153659745226,0.6857222176017312,-0.01527546887435427
2023-05-16,0.0035448260183343905,-0.10371374191980531,0.6992924382459014,-0.005649784447053996
2023-05-17,0.003754281602150966,-0.09744341407475143,0.6994487045643205,-0.009145338709068196
2023-05-18,0.0032478306272063495,-0.09932627002742456,0.7041836041210212,-0.01322455615089535
2023-05-19,-0.0009823375405596524,-0.10194508958252524,0.7010779675749068,-0.011513353484355782
2023-05-22,0.0019100030989631644,-0.10733726046211167,0.7158869886479693,-0.008136940880502541
2023-05-23,-0.009150915807044635,-0.10549369741495906,0.7209564259439347,-0.008640667736697472
2023-05-24,-0.01880457679856773,-0.09984742753034614,0.7257336033833823,-0.010042600029428694
2023-05-25,-0.022181626578091307,-0.10193293040076767,0.7408485328412082,-0.008514154407204377
2023-05-26,-0.017627723525570516,-0.10267498233761319,0.750703313521901,-0.013988009191616135
2023-05-29,-0.019404021419547557,-0.10827307203180847,0.772852933841331,-0.016770034836486203
2023-05-30,-0.017302484104597005,-0.10698028325414866,0.7841910761554296,-0.022239841811071748
2023-05-31,-0.02133424067459977,-0.10334208717987103,0.7926233353665271,-0.031179814112508586
2023-06-01,-0.02052148471482962,-0.10414722420037625,0.7904452085988687,-0.03338031051664425
2023-06-02,-0.009495932942364615,-0.10638649143065493,0.7803096253298853,-0.03860957833494627
2023-06-05,-0.008552221918385228,-0.10367391535166492,0.8003335146652801,-0.043270804562693055
2023-06-06,-0.02317561353147024,-0.10939684768319247,0.7902485189578998,-0.03753884284356024
2023-06-07,-0.02202084895134271,-0.10685633877597223,0.8082817811547107,-0.04187302697424056
2023-06-08,-0.01894264021061065,-0.1098562481033104,0.8119150215412807,-0.039645477112905
2023-06-09,-0.016002230686121943,-0.11483803563227357,0.8331538706094539,-0.041750417041336196
2023-06-12,-0.0132914271304867,-0.11414467480066426,0.8467462202220926,-0.04800101418708824
2023-06-13,-0.012247240182466368,-0.11556393154545086,0.8625846403764841,-0.05055483858017351
2023-06-14,-0.010087529922608307,-0.11323419863088291,0.8827402180080592,-0.057921632032211345
2023-06-15,-0.0030917064528495075,-0.1210480848810791,0.8850529822906743,-0.055583770746365224
2023-06-16,0.002630535217293506,-0.12370762912401134,0.894596314088951,-0.05859831668506166
2023-06-19,-0.005890565475956344,-0.12645394619433092,0.9131623057812748,-0.057636599213155115
2023-06-20,-0.012740498736988348,-0.13254304873974,0.9305607715951292,-0.05420457625370545
2023-06-21,-0.02420462105032606,-0.1284292271648565,0.9352660447915606,-0.053160168381712336
2023-06-26,-0.03696805905374034,-0.13014115891624534,0.9386066900793444,-0.04939235034636158
2023-06-27,-0.020319556829796692,-0.12415551982190665,0.9478151861883024,-0.061463773067124694
2023-06-28,-0.019727749268804384,-0.12446410175568079,0.9543393239557796,-0.05996569099679849
2023-06-29,-0.020527504639944905,-0.1208348475320199,0.9655666237420912,-0.06398206279561036
2023-06-30,-0.011565617862347555,-0.11822446464166292,0.9756672446805592,-0.07069526661082526
2023-07-03,-0.00028971779115516405,-0.1230116356738924,0.9874290608966516,-0.07235813846902284
2023-07-04,0.0006697784509879234,-0.12448477586281548,0.998155270731371,-0.07572347773758947
2023-07-05,-0.002072450244787749,-0.12348062477310195,1.0077484596863147,-0.07776516526567523
2023-07-06,-0.005881866080846843,-0.11976353555291719,1.0228291100986935,-0.08212732027449388
2023-07-07,-0.0065039279422483,-0.11737772287712256,1.02508585977637,-0.08136437676201114
2023-07-10,-0.004078491388935457,-0.12050133972077093,1.0292907375642009,-0.07978727679289144
2023-07-11,0.0016818292845151017,-0.12075964853312526,1.0437309906282093,-0.08263910233362892
2023-07-12,-0.006846729588860789,-0.1238802500205396,1.0591850643655283,-0.07740738727639096
2023-07-13,0.0019701564660707938,-0.12879061425931093,1.0482130959342455,-0.07459943369787447
2023-07-14,0.001040903951672334,-0.12914296303433037,1.0488793757059902,-0.07728105990488088
2023-07-17,-0.002391020380340114,-0.12413727028065458,1.0742828117313503,-0.08159894981050009
2023-07-18,-0.0010136995277636451,-0.12185854071418356,1.1032823853090723,-0.08601011143817139
2023-07-19,0.001690022210783404,-0.12197918038739464,1.1148303029204345,-0.09061433318929701
2023-07-20,-0.004154586956713335,-0.1240525423475396,1.1303138743709935,-0.09015563757983636
2023-07-21,-0.0026865980953856283,-0.12186354124317755,1.1428379511387718,-0.09222005421331414
2023-07-24,-0.005714918691891113,-0.1217808905459481,1.1425208797960869,-0.08909054644949621
2023-07-25,0.014152145319974219,-0.13106371478202372,1.1630067294835613,-0.09508281673332153
2023-07-26,0.014815346409067232,-0.13132396126924062,1.1960023129021344,-0.09369739752039907
2023-07-27,0.011772887410892885,-0.13213021124758162,1.2055727538405931,-0.09181673117385536
2023-07-28,0.025908471681860723,-0.14222056344340084,1.2365489729967756,-0.09461697083409215
2023-07-31,0.03653796026096923,-0.13943715643102417,1.264143963825846,-0.10520481613558286
2023-08-01,0.035991720366423285,-0.13856682789265773,1.2721719581735735,-0.10396171788364994
2023-08-02,0.03225780422944324,-0.1356754359956197,1.2886330725670976,-0.10854025289632119
2023-08-03,0.03481046197158477,-0.14284137611229297,1.3037018453601794,-0.10574876274914025
2023-08-04,0.034049220985193696,-0.149620169993815,1.3058621185898702,-0.1064272453846693
2023-08-07,0.027204454467081085,-0.15030606006781178,1.3058345465908556,-0.10725647212671385
2023-08-08,0.025465074519449127,-0.15061082726645902,1.3122849691335094,-0.10669938456919903
2023-08-09,0.019594481188439428,-0.153510536359597,1.326416265543752,-0.1049401798457602
2023-08-10,0.023131517810045965,-0.15426738765437642,1.336308470458726,-0.10455070373129538
2023-08-11,0.005232901756374142,-0.1504798982586999,1.346001715924369,-0.10457364174387385
2023-08-14,0.004631854231992305,-0.1463024423177386,1.338641227260844,-0.10547598020026094
2023-08-15,0.0007396522100682201,-0.14632444090382357,1.3613609602611572,-0.10420211220005238
2023-08-16,-0.005502569864435092,-0.1452001009947257,1.3922170084555607,-0.10631207902396578
2023-08-17,0.001162216898500379,-0.1431115692253897,1.384833900888125,-0.11078802431530321
2023-08-18,-0.013910626602639642,-0.14356185401269705,1.396449554487336,-0.09933036323655542
2023-08-21,-0.023308819663539704,-0.14025763343618114,1.4139648725316216,-0.09971274665439112
2023-08-22,-0.019668261988565083,-0.1468449146068267,1.432728877715093,-0.10084320178080042
2023-08-23,-0.03375791124451555,-0.14817701579207654,1.4673855438586174,-0.09631668861863052
2023-08-24,-0.03295082655014625,-0.15566972096800813,1.4771318497875856,-0.09708287553428774
2023-08-25,-0.04060208155116185,-0.15908011191178784,1.5162405276355124,-0.08818007776700798
2023-08-28,-0.026498211288867868,-0.15590736389900373,1.537520001798554,-0.09648231032377563
2023-08-29,-0.011762206726922853,-0.15278425762189973,1.5322362434374015,-0.11364410817349968
2023-08-30,-0.014283392357180902,-0.15591144477375918,1.5492131202233308,-0.11627745406797307
2023-08-31,-0.022191943587908547,-0.15825373203849769,1.5833360494959199,-0.1120631981843373
2023-09-01,-0.01570823516059694,-0.16020952494505158,1.5955765055836109,-0.10976764437623554
2023-09-04,0.0019677830995239454,-0.15965753761794987,1.610483438395522,-0.11770772366266236
2023-09-05,-0.005284793791172859,-0.16173706613967953,1.6217982163794686,-0.11374610920289252
2023-09-06,-0.006009048074353318,-0.1629306930538872,1.635333974456589,-0.11595453911286335
2023-09-07,-0.01880614508527967,-0.16560749836833688,1.6581596691608622,-0.11293209967893392
2023-09-08,-0.020335193168533827,-0.16702369343029044,1.6742871355681497,-0.11523151690490152
2023-09-11,-0.011035645808327388,-0.16765767198723547,1.672978183658722,-0.11704635396412688
2023-09-12,-0.011571912127361417,-0.16737262282537912,1.6801046750422644,-0.11684985784281954
2023-09-13,-0.01639415536459854,-0.1703008083900872,1.7008464801144618,-0.11608257891457874
2023-09-14,-0.016822738277971983,-0.17389343123110823,1.733382383756095,-0.11210134860945142
2023-09-15,-0.016677135224973272,-0.17087608041232927,1.7407845299647828,-0.11730957120029839
2023-09-18,-0.012287045283927212,-0.16971431019488636,1.7596745830989238,-0.11990994684111855
2023-09-19,-0.015971162278092477,-0.17171526338252752,1.7798776089531199,-0.11256176160101172
2023-09-20,-0.02170017730013707,-0.17273555212108027,1.7866973545823472,-0.10841386859221813
2023-09-21,-0.029939031181279163,-0.17338890630811443,1.801318068621999,-0.10847955759690986
2023-09-22,-0.01855362172994557,-0.17685622412976032,1.7994294544059706,-0.10881151845600168
2023-09-25,-0.02503539872930438,-0.1804491486309312,1.8353121205635667,-0.10433138881709014
2023-09-26,-0.03043103870375441,-0.18012500700666556,1.8443572166328672,-0.1030518329701503
2023-09-27,-0.028874248287629523,-0.18390682584048013,1.8523802607353823,-0.10081975329096415
2023-09-28,-0.02431033112818637,-0.17859280604676786,1.8617487484631328,-0.111808486367032
2023-10-09,-0.028624503564114057,-0.18313567092258642,1.9048876501147234,-0.10942316171418964
2023-10-10,-0.03476059974326173,-0.18077088853004608,1.9118843993040335,-0.11230813194720624
2023-10-11,-0.03683220110704255,-0.1851277531968385,1.9426374129404378,-0.11210488499490623
2023-10-12,-0.026922687345685703,-0.18712412400776923,1.9596999861999067,-0.11419800172823469
2023-10-13,-0.03426165318644925,-0.19015165181430826,2.0059581771254873,-0.11403271821545813
2023-10-16,-0.0386701870884778,-0.19106629030018674,2.03877798709788,-0.11423046788468705
2023-10-17,-0.03861786478104001,-0.19434306565914694,2.0503335022914944,-0.10954245807027707
2023-10-18,-0.052078737550114496,-0.20115233807307187,2.0885008826903557,-0.10097092505079042
2023-10-19,-0.065586999467248,-0.19518230072531073,2.0840921059389816,-0.10199490435861591
2023-10-20,-0.06990826909656267,-0.19019984829904546,2.078864128757086,-0.10204203631835074
2023-10-23,-0.08757320854050055,-0.19644823940881162,2.1234959151685713,-0.09526017563811318
2023-10-24,-0.0732206807140503,-0.1847987849288546,2.124411409563358,-0.11202435099076946
2023-10-25,-0.06171854231780505,-0.17748490799743388,2.162637346005378,-0.12759728154670102
2023-10-26,-0.058351217692073076,-0.17855699469980701,2.1960475860846222,-0.1285983739763401
2023-10-27,-0.04467699826149196,-0.1800203471235321,2.2292734066271773,-0.136430407840761
2023-10-30,-0.03977754029444858,-0.17711710222221588,2.2662416486966457,-0.1449276635079204
2023-10-31,-0.04128739783398727,-0.17373554483225118,2.278457426312912,-0.14422042110374989
2023-11-01,-0.041395029263387895,-0.1722265992804728,2.302129112093553,-0.14524545303344927
2023-11-02,-0.0469739139017622,-0.17286367891475551,2.3045196194197355,-0.14174118551231651
2023-11-03,-0.04237457092655594,-0.17606403740609855,2.3032156111165554,-0.1413600293397672
2023-11-06,-0.031062964130022186,-0.17619081387474367,2.335573246996423,-0.1503674462954161
2023-11-07,-0.02998332265141801,-0.17654982710110734,2.360102349960737,-0.15668517951684835
2023-11-08,-0.030116411585050185,-0.1774509738158625,2.38590381143189,-0.16256013257151414
2023-11-09,-0.032856427609921246,-0.18026962757337428,2.355025880221175,-0.1543242743659643
2023-11-10,-0.035189742138869384,-0.17817414445034696,2.3849764937328706,-0.15710498884605828
2023-11-13,-0.02982130388296489,-0.174824116839425,2.4151713381493334,-0.164491240628037
2023-11-14,-0.026529893999100773,-0.1786985164330016,2.434794999653077,-0.17106509901612665
2023-11-15,-0.020984590453261953,-0.1812056456815231,2.4265353318611584,-0.17158405202207827
2023-11-16,-0.02788421781601058,-0.17952835622826202,2.4330468807183196,-0.1706272615423896
2023-11-17,-0.02443206239405138,-0.17917519185030018,2.471976864318779,-0.17814135037559709
2023-11-20,-0.01952529942722725,-0.17807069500645178,2.501383413108676,-0.18142087814597951
2023-11-21,-0.018665997446735916,-0.17759566236224333,2.493710574443004,-0.18080667178826637
2023-11-22,-0.025300035547924815,-0.17641707806884255,2.51811281180763,-0.17926170494603066
2023-11-23,-0.017767141363363326,-0.17424341954737843,2.5312014748324643,-0.18315999183993226
2023-11-24,-0.022553779940763352,-0.17359725764237488,2.5532691855590253,-0.18035555919857837
2023-11-27,-0.027453341771955464,-0.17237380380689848,2.5564415828354794,-0.17883777346504692
2023-11-28,-0.0238405639352407,-0.17329740714681507,2.5872610458185323,-0.18197474903543343
2023-11-29,-0.030327006903053566,-0.17584351485468086,2.609013858945608,-0.18023704040374355
2023-11-30,-0.03146874848631176,-0.178708168749939,2.6179224187480257,-0.17470520751515195
2023-12-01,-0.02807485665060605,-0.17570283246625273,2.6656611971284154,-0.18248977483604634
2023-12-04,-0.02814460932269236,-0.17144009026625717,2.717475317483342,-0.1864835255818219
2023-12-05,-0.04312691679569858,-0.17160641883955918,2.7603349880199204,-0.18539822863615762
2023-12-06,-0.039582176090214416,-0.16985793755338152,2.7796186859444916,-0.18962455966611147
2023-12-07,-0.041771601255354396,-0.16990379915167675,2.79076717131369,-0.18908290280635953
2023-12-08,-0.04794906035918478,-0.18155048184808942,2.7893702490285106,-0.17889431304555248
2023-12-11,-0.040385277813563825,-0.18136593496339581,2.815566739247734,-0.1812252167123063
2023-12-12,-0.034792208904608435,-0.1790349341867662,2.837134190466939,-0.18731414336725116
2023-12-13,-0.04224997113882323,-0.1750804481175423,2.909133812935604,-0.19160378631980046
2023-12-14,-0.042779760628500196,-0.17158264212019447,2.9516020212455185,-0.1940770634629766
2023-12-15,-0.04673278593472863,-0.16982675294333394,2.9570134374969506,-0.19592590567752755
2023-12-18,-0.05659059502884434,-0.17517063819453338,2.9635477310080063,-0.18613084961766735
2023-12-19,-0.05916605234468675,-0.17824047766100992,2.962727525010012,-0.183345112147275
2023-12-20,-0.06930176653084597,-0.17853484100223638,3.0003554697311747,-0.17563330442707614
2023-12-21,-0.06329861732910047,-0.18087271973667263,2.9888637048207003,-0.17790547262599166
2023-12-22,-0.0689324447891908,-0.18767589702926912,3.013057528832321,-0.16287843550851866
2023-12-25,-0.07099761630940282,-0.19567223792504052,3.0273647758643474,-0.15672728822815907
2023-12-26,-0.0776563498497137,-0.19982112463132018,3.085020539342203,-0.1546320702574454
2023-12-27,-0.07212050834941353,-0.19803082405578576,3.0927969226734007,-0.15688038609621446
2023-12-28,-0.058269413914427415,-0.20014077894695292,3.091320941909583,-0.16223936231514746
2023-12-29,-0.052536280263886015,-0.2003394387070344,3.1021464013447577,-0.16553758882170921
2024-01-02,-0.05098151497742964,-0.1899933060987593,3.1472017448335983,-0.169040402346596
2024-01-03,-0.04875449102836815,-0.1887982459606179,3.19185865530339,-0.16848301919189201
2024-01-04,-0.05228968758555952,-0.1855031583338247,3.2336088934512848,-0.16810878400824247
2024-01-05,-0.06175384412353757,-0.1886785930161261,3.2800033616939848,-0.16070411000949936
2024-01-08,-0.07655687274748635,-0.19230050373105456,3.332748088176448,-0.15587808809033288
2024-01-09,-0.07212961091403358,-0.19142837103753285,3.3657124798606946,-0.16010203213606888
2024-01-10,-0.07634509488908248,-0.19386742678474345,3.398049019828581,-0.1598049662313784
2024-01-11,-0.06858198977420205,-0.18934412519687527,3.3597349551966653,-0.17060920816736247
2024-01-12,-0.07113163836335723,-0.1896293043745192,3.4193816514504727,-0.16388235060793144
2024-01-15,-0.07019720247735106,-0.19198984429378174,3.441895931467714,-0.16553984819298462
2024-01-16,-0.07085489657022148,-0.20104598373673987,3.4959535034431646,-0.16128116341100762
2024-01-17,-0.09070376456727558,-0.20271641534559626,3.552534266015064,-0.15436008886607155
2024-01-18,-0.09343782640305276,-0.21746997610086072,3.609347427560915,-0.14929018961999574
2024-01-19,-0.09943764231567187,-0.2182097396990066,3.6266412613607955,-0.14510878153338846
2024-01-22,-0.1374364080363376,-0.23949206634997577,3.7855402776076748,-0.11236961744007412
2024-01-23,-0.1320549515039272,-0.2391902169992246,3.801373015741091,-0.11102573019324291
2024-01-24,-0.1145938259826319,-0.23274044380877124,3.8349412212653524,-0.1182102267148164
2024-01-25,-0.08651124027607515,-0.22550294471203058,3.8247525625229564,-0.1355649992000496
2024-01-26,-0.08218183234502252,-0.21818130177070627,3.907884754505951,-0.14411159764079862
2024-01-29,-0.09754256682448836,-0.22840545198664197,4.036392084038229,-0.12431021531727648
2024-01-30,-0.11835607336187004,-0.2356105860619302,4.133835425833415,-0.10988791471695203
2024-01-31,-0.1434753137273458,-0.25484993914617127,4.333777129108678,-0.07447819322450877
2024-02-01,-0.15490038651900273,-0.2668096006051298,4.4175813041179905,-0.05427737648865294
2024-02-02,-0.17640222120767013,-0.28164970677533563,4.630955182020603,-0.026389691224727896
2024-02-05,-0.2099961036136755,-0.32548664941566163,5.120951698590378,0.06109096675346559
2024-02-06,-0.18487057356290204,-0.3397944512936879,5.312393345021158,0.07842225747380738
2024-02-07,-0.17714100529644328,-0.35926303396733794,5.621059362780876,0.10202040311484284
2024-02-08,-0.15288516579848044,-0.3327744708593202,5.2265397044479105,0.03745911458915985
2024-02-19,-0.136613878101441,-0.3226203794184388,5.066020564473234,0.010867785111897676
2024-02-20,-0.13177968304639165,-0.32239030905409083,5.04454039264983,0.005975671106198899
2024-02-21,-0.12173444827784974,-0.31822548007716245,4.949308322101048,-0.005835279517573566
2024-02-22,-0.11018097333533372,-0.3170810915779336,4.911597023545907,-0.01665568102956605
2024-02-23,-0.1001253573872356,-0.30806578036413124,4.771626122636015,-0.043115112991300775
2024-02-26,-0.10012362502856242,-0.2986928645647159,4.668289656330024,-0.06591101761018348
2024-02-27,-0.08440187777332198,-0.29530816694183226,4.628089223358481,-0.08473638015148754
2024-02-28,-0.11218525019086723,-0.3137887216932823,4.8768957003309,-0.042539637401961095
2024-02-29,-0.08865825059545573,-0.30977687027622736,4.849146918619867,-0.06674452817722676
2024-03-01,-0.08431855430163382,-0.31099222078096733,4.8885833021359115,-0.07184368036300492
2024-03-04,-0.08298165565419391,-0.3160947016706567,4.978991629129201,-0.07058291641363112
2024-03-05,-0.08693961998289645,-0.3282396729908771,5.103486032304063,-0.05360975247581701
2024-03-06,-0.08402511374647736,-0.32235451694019934,5.057228119674024,-0.0635689193791803
2024-03-07,-0.08669864655920878,-0.31955145917060557,5.04195651425993,-0.06074561054495753
2024-03-08,-0.08162579492810096,-0.3236301166229669,5.131300778835314,-0.0614311644682386
2024-03-11,-0.07050241755497944,-0.3202416027446754,5.139994194511745,-0.07324434769203747
2024-03-12,-0.06762545995049807,-0.3139658564415828,5.1936910902663085,-0.08860408105730289
2024-03-13,-0.07058268832205483,-0.3138593878865046,5.255809459426031,-0.09273754325390116
2024-03-14,-0.07095741675785183,-0.3152302491330121,5.258904836979674,-0.09298021407681056
2024-03-15,-0.060766257416898006,-0.31180413140658325,5.361075498069325,-0.1049674681549051
2024-03-18,-0.04950561577550883,-0.30932359515298524,5.47097639199329,-0.11571643425056677
2024-03-19,-0.054102425404144006,-0.3089870873884363,5.53310580779963,-0.12110455719735858
2024-03-20,-0.04817652395228811,-0.30671595413589625,5.612124703698676,-0.13126689606945885
2024-03-21,-0.04547801146510988,-0.3042038987733766,5.698069975401487,-0.1406458771829352
2024-03-22,-0.05713638080290351,-0.30705108256910074,5.728282733528925,-0.13957199332399528
2024-03-25,-0.06780291683109196,-0.31368224825019253,5.726748354768164,-0.12473354705806838
2024-03-26,-0.06584286452511967,-0.31287765711020843,5.769469070099417,-0.12217998869120261
2024-03-27,-0.08553574905384298,-0.31986675510135887,5.755390567570959,-0.10020840293124023
2024-03-28,-0.07411767999831331,-0.31614871965005076,5.841725912047615,-0.11884736658803408
2024-03-29,-0.06371871440127808,-0.3143927536864194,5.9420681358667515,-0.12324783012933427
2024-04-01,-0.048019466775375275,-0.31208710487042,5.977578145575866,-0.13196225327235478
2024-04-02,-0.04546983655186654,-0.3089538577022052,6.11080294512502,-0.13568648826044172
2024-04-03,-0.04408058446488705,-0.3135607574052971,6.23278489318364,-0.13512617801155924
2024-04-08,-0.05423955553171256,-0.3203075327468491,6.302796319576915,-0.1262417006098494
2024-04-09,-0.04957839027510513,-0.3165181439631882,6.348769760188661,-0.13258548034644635
2024-04-10,-0.06002919641976079,-0.3256667268690785,6.427817174006417,-0.12062865910054688
2024-04-11,-0.05612406462528685,-0.32504537988143456,6.505577234534529,-0.12312181152905011
2024-04-12,-0.06249417086795117,-0.32789239658289016,6.60776991901385,-0.12126605646864885
2024-04-15,-0.06854408975348447,-0.3554818305774007,6.858817231137101,-0.07377995765545287
2024-04-16,-0.10250646298450927,-0.37943678441435225,7.276034673554607,-0.01996476987287943
2024-04-17,-0.0735614999356653,-0.36789032690002466,7.117600891022592,-0.05701183255148534
2024-04-18,-0.07425589809182631,-0.37233159111311187,7.228376711716075,-0.05256871136825603
2024-04-19,-0.07630093388253945,-0.3742663211719417,7.380710601650769,-0.05170464903747718
2024-04-22,-0.08400380233415639,-0.3763304579156411,7.343984577495624,-0.045583989513100054
2024-04-23,-0.09148132084797933,-0.36938496728692294,7.140834341508606,-0.049648085157196875
2024-04-24,-0.08223453960916682,-0.36554083269082094,7.136177358968341,-0.06287983601949487
2024-04-25,-0.07820181811273319,-0.36460252221778167,7.139963024659341,-0.06678160164781977
2024-04-26,-0.06613163756532214,-0.36487184867048794,7.0885007789935575,-0.0716670020393112
2024-04-29,-0.04963760740088141,-0.35456853386863507,6.956216057175348,-0.08980812169144892
2024-04-30,-0.05362193702591678,-0.35344030619991185,7.048562774614517,-0.08666784671429273
2024-05-06,-0.036755933064876345,-0.35171368174852125,7.104997712442726,-0.09541750386851022
2024-05-07,-0.0349585307278768,-0.3526482922313201,7.128144043995048,-0.09921921821778146
2024-05-08,-0.043615293415625866,-0.3565142690430504,7.201727835471232,-0.09339652309351387
2024-05-09,-0.03223574449719524,-0.3581567913153192,7.221590084536071,-0.09654865508458932
2024-05-10,-0.03133722813400064,-0.36125941706197395,7.31199230633934,-0.0954815030101186
2024-05-13,-0.037242682875265665,-0.36851036620788435,7.526504851781539,-0.0802827081623465
2024-05-14,-0.033758752291048855,-0.3653534220595256,7.502686240826584,-0.09097639065532992
2024-05-15,-0.04059830318249247,-0.3639692688077816,7.524944940802243,-0.09435761718504598
2024-05-16,-0.03813097043548075,-0.3623086543311932,7.607908574506766,-0.10101706452983106
2024-05-17,-0.027773170689166737,-0.36459218320489517,7.729839191501956,-0.10604834282845177
2024-05-20,-0.022130036697163402,-0.36921088532151525,7.73913492109126,-0.1102370366452593
2024-05-21,-0.02859081805282948,-0.37046065203592426,7.812443456274224,-0.10628841879509421
2024-05-22,-0.028744201933831426,-0.3710354429131122,7.87223182392383,-0.104934029442465
2024-05-23,-0.0476170916335521,-0.37690995089466384,7.899931011259351,-0.0938888511922672
2024-05-24,-0.05317460265303975,-0.3756469448423938,7.947296583263832,-0.09502334024249526
2024-05-27,-0.04596880793593905,-0.37943557878674805,7.9712475765435915,-0.09001351198243279
2024-05-28,-0.054414027872004556,-0.3832313919403568,8.030872897125057,-0.08464102378398641
2024-05-29,-0.05279146473340435,-0.38414894286591317,8.080946152579587,-0.08647925389336919
2024-05-30,-0.062307381624160496,-0.38456324788809926,8.037791551488972,-0.0758839274130102
2024-05-31,-0.06317076500085272,-0.38230749590217483,8.014267889044667,-0.07707968566891599
2024-06-03,-0.0753050415981229,-0.3940507706900501,8.194093002891513,-0.05832121829913861
2024-06-04,-0.07155019846190358,-0.40179256850601297,8.368100340755326,-0.053483012772076455
2024-06-05,-0.08647704467676942,-0.4080240426078853,8.488834069676495,-0.03829269562114035
2024-06-06,-0.10408353765631628,-0.42586334255601777,8.8730302994211,-0.006310961668879456
2024-06-07,-0.09340593877167214,-0.41383404520940215,8.687060236048458,-0.03411509051558115
2024-06-11,-0.09843462423144056,-0.4121815914347796,8.711896823445976,-0.03767517200350423
2024-06-12,-0.09160207409431831,-0.4081085437732713,8.665306462902887,-0.05316008778404224
2024-06-13,-0.10045600376246488,-0.41208707685392454,8.831624143451728,-0.04662796208931608
2024-06-14,-0.09858437681472232,-0.4107805823720907,8.813306378550664,-0.048046030366092896
2024-06-17,-0.10569549035096049,-0.41488596680525924,8.92691358304699,-0.03839337208057236
2024-06-18,-0.09849230392461428,-0.41130359263439287,8.882546602473907,-0.05043039791383641
2024-06-19,-0.10484562005889575,-0.4124356045869886,8.906105488525812,-0.049110505432434115
2024-06-20,-0.11889160056759807,-0.41937189390643514,9.085254453665996,-0.033241402609485604
2024-06-21,-0.11885180017138863,-0.41899530362092074,9.11825533160515,-0.03488240923742281
2024-06-24,-0.1391960783260019,-0.4307541177142128,9.41576637112775,-0.007103254789989744
2024-06-25,-0.13784973019637747,-0.4245315029450103,9.362821561093362,-0.019329033838108578
2024-06-26,-0.12577503267348322,-0.4173557368921884,9.241328477325542,-0.03449023603849277
2024-06-27,-0.13981123453764654,-0.4203576052826692,9.384950585006335,-0.02292267620268107
2024-06-28,-0.13624653600612247,-0.4225716183970134,9.514623898091,-0.02339039405741128
2024-07-01,-0.12416168442605058,-0.4201014791634099,9.473607768145648,-0.03414601133040884
2024-07-02,-0.12402841157753552,-0.41306990141565814,9.465689466767287,-0.042526377219243794
2024-07-03,-0.12641693734092885,-0.41093093802523917,9.527478629711144,-0.04732346322618919
2024-07-04,-0.142102210601167,-0.41982328187827855,9.678430012851598,-0.026804683355200698
2024-07-05,-0.13636637313991173,-0.41527532214019824,9.703241313274757,-0.04326833811457165
2024-07-08,-0.1531357905381826,-0.42317302975418036,9.915462975869296,-0.02404186808867126
2024-07-09,-0.14402515834220708,-0.4246666119408703,9.98843601862422,-0.022840281686033026
2024-07-10,-0.15263183301155436,-0.4273207518466866,10.087729710856397,-0.014444757298852529
2024-07-11,-0.1326403841146292,-0.41865772746420915,10.013241769456837,-0.041538163220483426
2024-07-12,-0.13248159988396346,-0.41693218305127966,10.073648223146641,-0.042544483903114605
2024-07-15,-0.13807263911184886,-0.42397098096179553,10.231296004701475,-0.02809013838606733
2024-07-16,-0.13679952362691727,-0.4271341287960091,10.326454453402059,-0.030785222814691315
2024-07-17,-0.1410146125892614,-0.4283210296401091,10.458860242607376,-0.022494812957516985
2024-07-18,-0.13749865969807584,-0.4303117129540375,10.54498948361754,-0.020136864163154633
2024-07-19,-0.13795759234874372,-0.431565553536,10.585311720298442,-0.016171420407349757
2024-07-22,-0.14107536127953613,-0.4293003462481835,10.648002527702875,-0.019983843386071953
2024-07-23,-0.15630608975918414,-0.4253866301893515,10.8819235801159,-0.01820423572976171
2024-07-24,-0.1656492976363274,-0.4291707840373227,11.027116875407973,-0.004388632976043305
2024-07-25,-0.16491901200090375,-0.42450322865176937,11.133330902301557,-0.008392288948702253
2024-07-26,-0.1548274789625651,-0.4204997640894744,11.093452256416887,-0.026023972567975395
2024-07-29,-0.1544707111964725,-0.4168564089666744,11.230991706061648,-0.03292799502719612
2024-07-30,-0.15275650498800208,-0.41063940410929534,11.333741703323646,-0.04301173804985037
2024-07-31,-0.12812743588448572,-0.40955005382074305,11.342920136029488,-0.06213897439852789
2024-08-01,-0.12952660756972278,-0.40823631853922093,11.496447136710819,-0.06680988312673775
2024-08-02,-0.13611929194263261,-0.4062432052152408,11.58837646317454,-0.06554109595628688
2024-08-05,-0.14849758639012423,-0.40652433528773724,11.704393380515397,-0.05990031237043303
2024-08-06,-0.14080021546445187,-0.40076270834664596,11.85213071764546,-0.06959757345877882
2024-08-07,-0.14106659644348052,-0.40155668475439477,11.798513619982247,-0.06929363658619148
2024-08-08,-0.13823724425281114,-0.398020780681816,11.911374583541823,-0.07191769532088188
2024-08-09,-0.14214753249579049,-0.398055989593347,11.901999396574418,-0.07016100819768045
2024-08-12,-0.1464555450397249,-0.40116562023911695,11.882680357887786,-0.062151905299582144
2024-08-13,-0.1433839525090007,-0.39983725359724753,11.939495795278841,-0.06323358967874548
2024-08-14,-0.15006130941872786,-0.39927339122074834,12.037969881614957,-0.06117300322774266
2024-08-15,-0.14310943322597758,-0.4009174366744649,12.00751685909865,-0.061683758058279525
2024-08-16,-0.1493571287137715,-0.4069189415971519,11.942500884624499,-0.05220726678157084
2024-08-19,-0.14755862983357781,-0.4080658522888867,11.967872400907288,-0.047139701421844316
2024-08-20,-0.15972782981083866,-0.4106627588690914,12.01071523884383,-0.039348856962410084
2024-08-21,-0.16317293711878744,-0.41076026552686995,12.047572064728492,-0.040058934015485104
2024-08-22,-0.17077943030018594,-0.415595688095003,12.123234383180016,-0.03142036374095769
2024-08-23,-0.16953244837389958,-0.41975360344524715,12.232443647525233,-0.034332022314962685
2024-08-26,-0.164855666927456,-0.413438635463929,12.354292032145636,-0.042190607189718676
2024-08-27,-0.1725036192442716,-0.41588510699489556,12.544156628932901,-0.03256453560229611
2024-08-28,-0.17370111672840294,-0.4113701651053858,12.574624448960215,-0.03408892313585554
2024-08-29,-0.17030815453802073,-0.40866584736272027,12.4662428390552,-0.04509643774781036
2024-08-30,-0.15847556212725855,-0.4074616890645941,12.451269966850962,-0.05999144731538286
2024-09-02,-0.1703634898007984,-0.4061339509038725,12.71231538152989,-0.054033635394185264
2024-09-03,-0.16633945964967767,-0.4052779996255146,12.730208898501076,-0.06348295790793945
2024-09-04,-0.17312272371225312,-0.4063119952138835,12.785812651385942,-0.058646093036792024
2024-09-05,-0.16842444385288013,-0.40301152308319255,12.736584851213918,-0.06655688416805206
2024-09-06,-0.17649809231857794,-0.4048441731980893,12.890266552331044,-0.06430806243099108
2024-09-09,-0.18138359641874302,-0.39922268047242604,13.03372340102851,-0.07326165049269417
2024-09-10,-0.18129844203475654,-0.39875735054000716,13.115356470318696,-0.07504354985321005
2024-09-11,-0.1858961395886647,-0.4021915707573053,13.26369914519078,-0.07477469276184578
2024-09-12,-0.18539460096811766,-0.3983581677455704,13.356152941960115,-0.07985748561271744
2024-09-13,-0.18801452434836174,-0.3977310741985206,13.501125387130292,-0.08428718334100671
2024-09-18,-0.18798254979324613,-0.40484928719986735,13.471399966449441,-0.07717335175583562
2024-09-19,-0.17254750773697192,-0.39837566767615584,13.652011857691221,-0.09681508384870308
2024-09-20,-0.17265389171264733,-0.4004429714721123,13.785046437714453,-0.09951080684018165
2024-09-23,-0.1702093095065862,-0.39977189144086045,13.796416250432983,-0.10029366491173863
2024-09-24,-0.13999756952338405,-0.40413691454355927,13.673145518526141,-0.10407988332319784
2024-09-25,-0.12779830836209982,-0.4020292650540247,13.829462201574973,-0.11164648732830074
2024-09-26,-0.09319210739826111,-0.4046120910405179,14.060689131374449,-0.12999844162005558
2024-09-27,-0.05783580811080413,-0.4086927921958835,14.470050008597122,-0.15279781049733576
2024-09-30,0.02030123015131058,-0.41012291275069335,14.856224275638404,-0.176407216178316
2024-10-08,0.06378603421763707,-0.4166919576998136,15.572496025680017,-0.205555553622642
2024-10-09,-0.014664988751269203,-0.42510123479005335,15.616377219869243,-0.18746994520908167
2024-10-10,-0.007254230228046277,-0.4263932695609921,15.37489789530878,-0.16615426500277186
2024-10-11,-0.03583894119191744,-0.4270772537546821,15.365734237973204,-0.15200353166567593
2024-10-14,-0.013139804126610866,-0.42533356735692185,15.601012666768053,-0.16319919383722137
2024-10-15,-0.03330712814381864,-0.42069267082903805,15.679918336401283,-0.16584998455192768
2024-10-16,-0.02685752648562656,-0.41474718313934034,15.884145180115073,-0.16783830573070502
2024-10-17,-0.03912078318433532,-0.4175814530867503,15.921734242015159,-0.16793487875096758
2024-10-18,-0.01609505636010644,-0.4256363574508657,16.19493571211611,-0.1786233215924039
2024-10-21,-0.010513104287031338,-0.42787440114013775,16.462417823725808,-0.18896087798087846
2024-10-22,0.002334014892478642,-0.4228948898135678,16.45313208341675,-0.19346336285605192
2024-10-23,0.009023747825441575,-0.42194090039054444,16.59715665286604,-0.19597669922707595
2024-10-24,0.005368733166220441,-0.41477425778449617,16.635114456024546,-0.19741535776126584
2024-10-25,0.021192449167927396,-0.40836191573694003,16.92573998055807,-0.21256804156566067
2024-10-28,0.04315979350959909,-0.39606712780605835,17.367406361514515,-0.23211880698890075
2024-10-29,0.02885183221168308,-0.4009469544690908,17.618580935886655,-0.2286765533939742
2024-10-30,0.030007589724409645,-0.3964985008606834,17.95893558763507,-0.238447885774829
2024-10-31,0.04044562168981769,-0.3931273953618274,18.464976566801116,-0.2546546889522361
2024-11-01,0.030252365339727083,-0.4050228121572219,18.101540617355695,-0.23110878478371932
2024-11-04,0.04236550532296923,-0.40580440238712956,18.226044456530158,-0.23596499405567595
2024-11-05,0.06958622653169799,-0.4053291832646244,18.560562251504702,-0.2517574466946437
2024-11-06,0.07422458342242222,-0.4018955788750511,18.91494458029978,-0.2633408817144117
2024-11-07,0.10538678270972035,-0.39763928864926357,19.207744368017213,-0.2747399914648424
2024-11-08,0.09945796047603395,-0.39744335138257636,19.46685247322017,-0.27943685967615217
2024-11-11,0.10552353343856335,-0.3991200602212619,19.858414896209407,-0.28555313849537267
2024-11-12,0.09713772145049737,-0.39797860159920884,19.944435839937245,-0.28513341385913327
2024-11-13,0.09503514214700859,-0.402336277058145,19.780638770928437,-0.2760377391508778
2024-11-14,0.07012287265457906,-0.40462563555329434,19.570284718720536,-0.2650417887782137
2024-11-15,0.04966468053237483,-0.4068937955746339,19.337950497385705,-0.2518359257964633
2024-11-18,0.042989936135066076,-0.4088945241291406,19.46921695380157,-0.24033516848940162
2024-11-19,0.05543456980510442,-0.4069908592437115,19.707082485218525,-0.2516741621233206
2024-11-20,0.06904143968369936,-0.4011462866845922,20.115176004722706,-0.26727413462494787
2024-11-21,0.07296548086499688,-0.40093014213561806,20.309723261284425,-0.27369973723733665
2024-11-22,0.041878793856896745,-0.4005549505490247,20.547937007778174,-0.2734272021500036
2024-11-25,0.046552507471594895,-0.39267899297861664,20.89636566667836,-0.28339549910439477
2024-11-26,0.041265157052642554,-0.3935201145506141,20.928967197425376,-0.2777110970091097
2024-11-27,0.053986679188003706,-0.3989178963877156,20.90888976673002,-0.27684315888568534
2024-11-28,0.0546275845217139,-0.39510459653802,21.183141768903187,-0.28607213642454965
2024-11-29,0.06543288060251262,-0.3976754538395477,21.265570158433974,-0.28935365766541155
2024-12-02,0.08408915085415325,-0.3893635209826004,21.604358969768448,-0.30412980077090646
2024-12-03,0.08906941243264987,-0.38918729159262744,21.742504987230966,-0.3054953739464381
2024-12-04,0.07748073057864602,-0.3956233082024887,21.78272140748361,-0.295110908245679
2024-12-05,0.0824685494076034,-0.3935456992998144,22.025093859678574,-0.3074799206140155
2024-12-06,0.09766160357304665,-0.39298675398806315,22.179229639175738,-0.3121656593495141
2024-12-09,0.09507820761657548,-0.39492186047217126,22.38174045571808,-0.309320497314559
2024-12-10,0.09973023080676202,-0.39881760328906235,22.382340090432077,-0.31024853830412824
2024-12-11,0.11438900462905321,-0.39284599969508494,22.86320322104241,-0.32641936067892796
2024-12-12,0.1279665099545042,-0.39082471524196427,23.161919463935263,-0.33397955806297275
2024-12-13,0.10680092069191716,-0.3921417477749942,23.528113857157127,-0.3376074373624719
2024-12-16,0.10680715245255734,-0.38928950579590704,23.983398962390346,-0.34253029613992947
2024-12-17,0.0840554211807707,-0.40211816719237714,23.34529151770919,-0.31289040170055826
2024-12-18,0.08830011008528804,-0.403145178423559,23.431052559261428,-0.3115968433994345
2024-12-19,0.08215938371192366,-0.40486513353200415,23.341963156178725,-0.3070024878568619
2024-12-20,0.08045452835124012,-0.4049234266167505,23.502440884097307,-0.31058883326355
2024-12-23,0.05660746174694231,-0.4218373660095911,24.002711978081624,-0.27341247492981735
2024-12-24,0.0668688767407557,-0.42491779955636644,24.264381351003152,-0.2680240056899996
2024-12-25,0.055745722952830645,-0.4350604074124641,24.821555609100276,-0.25002352642802916
2024-12-26,0.05994390526404425,-0.434584242826508,24.883985020512817,-0.2614020082620163
2024-12-27,0.06919976548533713,-0.42801953359608413,24.74203420201115,-0.2740626524718238
2024-12-30,0.0640427268974888,-0.43717825646478603,25.240411666964558,-0.2593770082756742
2024-12-31,0.04615619342112498,-0.4383326271286513,25.562106323400883,-0.25665823347794325
2025-01-02,0.026168315115784324,-0.43563861916495494,25.811674576058703,-0.2678560936219856
2025-01-03,0.003351870927374767,-0.4454242814267194,26.65416660623033,-0.24458318290351455
2025-01-06,0.0002670328485194773,-0.4451429471485353,27.005550805637963,-0.23447748121240786
2025-01-07,0.009566997227868912,-0.44287079702895693,26.654525172742886,-0.24941995732978028
2025-01-08,0.008550655646216265,-0.4450811668517912,26.911330263544183,-0.2533185707589761
2025-01-09,0.005392302212330113,-0.4454240408899355,26.79636775066651,-0.2590918928573027
2025-01-10,-0.015186550877666627,-0.4504253205663118,27.50314755955074,-0.24295035842171298
2025-01-13,-0.013691304374359059,-0.44763339688199033,27.360564006855753,-0.2458697896349118
2025-01-14,0.018275293995261066,-0.4428294652017455,26.927092546532634,-0.2679178307091291
2025-01-15,0.013811289574574115,-0.4415051874324212,26.797344650099756,-0.26848799308906013
2025-01-16,0.02081752084131927,-0.43940483442198996,26.690624545203352,-0.2739423338434377
2025-01-17,0.02195252331112818,-0.44071124895915015,26.840570745557837,-0.2705475719750283
2025-01-20,0.025814690486747116,-0.4386156226527357,26.75554102602808,-0.27575755609966446
2025-01-21,0.02182498739678551,-0.44486753965963977,27.005369624770527,-0.27428039046489616
2025-01-22,0.011441661882266141,-0.44672636188876724,27.331640660585563,-0.27042114882913393
2025-01-23,0.012181589237049817,-0.4485391870213621,27.35399225428139,-0.2667269061091069
2025-01-24,0.018290327234338877,-0.45147069559235653,27.52044509442183,-0.2669964272564447
2025-01-27,0.015886618719662238,-0.451029335167486,27.79407678188943,-0.25715568454650484
2025-02-05,0.014935385798743761,-0.4478014660255001,28.072502471996643,-0.27009440465717394
2025-02-06,0.02693039454003876,-0.4488295888936247,28.371704721282867,-0.2765422652753802
2025-02-07,0.04155015909335158,-0.4486642033611926,28.564942496381363,-0.28350033264797636
2025-02-10,0.052692381392453136,-0.4449169403343143,28.896540990305382,-0.298008890999933
2025-02-11,0.04884778741698259,-0.44674958112486607,28.96412748628414,-0.29578008433230285
2025-02-12,0.05679361050131937,-0.44879660312774716,29.253500652123975,-0.301852425461803
2025-02-13,0.05393514298851754,-0.4499807352200832,29.182081013278047,-0.30087992239214123
2025-02-14,0.05502519188055688,-0.4566922465177723,29.622160176328222,-0.2963062416003974
2025-02-17,0.06124802928640771,-0.4524181687000267,30.126134629358194,-0.3076006991048945
2025-02-18,0.04233558725554998,-0.45641126525948494,29.94030661978009,-0.291118529967341
2025-02-19,0.052099622825348524,-0.45715018853464084,30.32235848788339,-0.3013406951968163
2025-02-20,0.05552577447051221,-0.45653310135215286,30.620998179529515,-0.30992260372571157
2025-02-21,0.05984019372442795,-0.4631695349071454,31.345595278819687,-0.3127763295898168
2025-02-24,0.06435305434957028,-0.4588866238878926,31.335118828678723,-0.3192825189799201
2025-02-25,0.05728078921390356,-0.4600097767097163,31.773297587526294,-0.3257781492017484
2025-02-26,0.07114486456102265,-0.45884423614583447,32.06626793856803,-0.33203550486588884
2025-02-27,0.07319653749449673,-0.45892295851298515,32.09849664395176,-0.33275635640126855
2025-02-28,0.05179579577464777,-0.46022420345243853,31.69707111593977,-0.3203424819532098
2025-03-03,0.0549134558868154,-0.4585662543172133,31.908230768951533,-0.3227002606875047
2025-03-04,0.05915033875806386,-0.457424351445192,32.20341150984399,-0.3276071070244022
2025-03-05,0.060680021747954616,-0.46211807657231396,32.50034299406155,-0.3296223542000778
2025-03-06,0.07345039102813478,-0.4640657934446599,32.85652385485644,-0.33664110972525085
2025-03-07,0.07200266833188529,-0.4662769546238936,33.16359014489172,-0.3345826740904233
2025-03-10,0.07531182969394257,-0.4647204190870482,33.32170875322812,-0.338901141789719
2025-03-11,0.08338025518141823,-0.4654320830702955,33.7418620244204,-0.34389043393441443
2025-03-12,0.08371157255328443,-0.4641107732930505,33.767531902265745,-0.3479046137264874
2025-03-13,0.08072461855809787,-0.4640207766295835,33.93143559416716,-0.34116333561529455
2025-03-14,0.0983262910689604,-0.46675996640042006,33.93347333571483,-0.34301690174608646
2025-03-17,0.1012219880263443,-0.4652065602690514,34.03015669854489,-0.34604407010605487
2025-03-18,0.10438863555916034,-0.4665517678872525,34.25781787375624,-0.34877304191476
2025-03-19,0.1009763994282653,-0.4676762336559941,34.27016992108136,-0.34300253811924697
2025-03-20,0.09889723913020587,-0.46556081956491724,34.48190766576236,-0.34538717824370924
2025-03-21,0.08922918894323861,-0.46310378686206144,34.92082087449152,-0.34350212825169013
2025-03-24,0.08391258133628243,-0.4721115662412899,35.508580259911234,-0.3318096946588869
2025-03-25,0.08476666072010919,-0.4716745391854733,36.004532516747105,-0.32418742230348285
2025-03-26,0.0873948811990477,-0.4694554357945815,36.06035984275221,-0.33058770538599114
